Activity Type:,walking
latitude,longitude,lap,altitude,timestamp,heart_rate,cadence,speed
51.591323800385,-0.7806136831641197,1,,2025-03-30 16:47:20+00:00,82,0,
51.59132732078433,-0.7806157786399126,1,,2025-03-30 16:47:21+00:00,85,0,
51.5913357026875,-0.780634805560112,1,,2025-03-30 16:47:23+00:00,89,0,
51.59133126027882,-0.7806728594005108,1,,2025-03-30 16:47:25+00:00,92,0,
51.5913253929466,-0.780692808330059,1,,2025-03-30 16:47:26+00:00,95,0,
51.591322626918554,-0.780706387013197,1,,2025-03-30 16:47:27+00:00,94,0,
51.591269401833415,-0.7807857636362314,1,,2025-03-30 16:47:34+00:00,95,0,
51.59125842154026,-0.7807993423193693,1,,2025-03-30 16:47:35+00:00,98,0,
51.59124333411455,-0.7808096520602703,1,,2025-03-30 16:47:36+00:00,98,0,
51.59120578318834,-0.7808363903313875,1,,2025-03-30 16:47:39+00:00,100,55,
51.59115741960704,-0.7808930519968271,1,,2025-03-30 16:47:43+00:00,96,59,
51.59112808294594,-0.7809316925704479,1,,2025-03-30 16:47:45+00:00,97,59,
51.59108919091523,-0.7809856720268726,1,,2025-03-30 16:47:48+00:00,98,60,
51.5910388994962,-0.7810445129871368,1,,2025-03-30 16:47:52+00:00,93,54,
51.591026578098536,-0.7810607738792896,1,,2025-03-30 16:47:53+00:00,93,54,
51.590987434610724,-0.7810968160629272,1,,2025-03-30 16:47:56+00:00,97,108,
51.5909284260124,-0.7811344508081675,1,,2025-03-30 16:47:59+00:00,96,55,
51.5909125842154,-0.7811477780342102,1,,2025-03-30 16:48:00+00:00,96,55,
51.59085432998836,-0.7811982370913029,1,,2025-03-30 16:48:04+00:00,97,55,
51.59083069302142,-0.7812146656215191,1,,2025-03-30 16:48:06+00:00,98,55,
51.59080646932125,-0.7812232989817858,1,,2025-03-30 16:48:09+00:00,95,52,
51.5907349716872,-0.7812451757490635,1,,2025-03-30 16:48:15+00:00,97,0,
51.59072231501341,-0.7812472712248564,1,,2025-03-30 16:48:16+00:00,97,0,
51.59067730419338,-0.7812690641731024,1,,2025-03-30 16:48:20+00:00,98,54,
51.590638160705566,-0.7812891807407141,1,,2025-03-30 16:48:23+00:00,98,54,
51.5906157810241,-0.781296556815505,1,,2025-03-30 16:48:25+00:00,97,55,
51.590537913143635,-0.7813460938632488,1,,2025-03-30 16:48:32+00:00,98,55,
51.59051327034831,-0.7813622709363699,1,,2025-03-30 16:48:34+00:00,99,54,
51.590446382761,-0.7814187649637461,1,,2025-03-30 16:48:39+00:00,98,56,
51.590411430224776,-0.7814701460301876,1,,2025-03-30 16:48:42+00:00,99,55,
51.59037698060274,-0.7815123908221722,1,,2025-03-30 16:48:45+00:00,99,53,
51.59036926925182,-0.7815348543226719,1,,2025-03-30 16:48:46+00:00,98,53,
51.59035786986351,-0.7817281410098076,1,,2025-03-30 16:48:53+00:00,99,0,
51.59037002362311,-0.7818609103560448,1,,2025-03-30 16:48:59+00:00,99,57,
51.59038092009723,-0.7819029036909342,1,,2025-03-30 16:49:01+00:00,96,57,
51.59041059203446,-0.7820745650678873,1,,2025-03-30 16:49:09+00:00,95,53,
51.59042475745082,-0.7821589708328247,1,,2025-03-30 16:49:13+00:00,94,53,
51.59040707163513,-0.7822404429316521,1,,2025-03-30 16:49:16+00:00,95,53,
51.59040086902678,-0.7822865433990955,1,,2025-03-30 16:49:18+00:00,97,54,
51.590407490730286,-0.7824448775500059,1,,2025-03-30 16:49:25+00:00,97,55,
51.590427942574024,-0.7825416047126055,1,,2025-03-30 16:49:30+00:00,100,53,
51.59043062478304,-0.7825607992708683,1,,2025-03-30 16:49:31+00:00,97,53,
51.59044495783746,-0.7826008647680283,1,,2025-03-30 16:49:33+00:00,96,53,
51.590466583147645,-0.7827457040548325,1,,2025-03-30 16:49:40+00:00,96,55,
51.59047060646117,-0.7827651500701904,1,,2025-03-30 16:49:41+00:00,97,55,
51.590512515977025,-0.7829261664301157,1,,2025-03-30 16:49:49+00:00,98,54,
51.59051863476634,-0.783035047352314,1,,2025-03-30 16:49:53+00:00,98,53,
51.590520311146975,-0.7830626238137484,1,,2025-03-30 16:49:54+00:00,102,53,
51.590522238984704,-0.7830882724374533,1,,2025-03-30 16:49:55+00:00,98,53,
51.590531542897224,-0.7831289246678352,1,,2025-03-30 16:49:57+00:00,97,53,
51.59054210409522,-0.7831741031259298,1,,2025-03-30 16:49:59+00:00,97,53,
51.59058761782944,-0.7833327725529671,1,,2025-03-30 16:50:06+00:00,98,54,
51.590616116300225,-0.7833970617502928,1,,2025-03-30 16:50:10+00:00,97,54,
51.59063288010657,-0.7834654580801725,1,,2025-03-30 16:50:13+00:00,98,53,
51.59064260311425,-0.7835090439766645,1,,2025-03-30 16:50:15+00:00,101,53,
51.59067898057401,-0.7836309168487787,1,,2025-03-30 16:50:21+00:00,101,55,
51.5906882006675,-0.7836499437689781,1,,2025-03-30 16:50:22+00:00,102,55,
51.59069566056132,-0.783669725060463,1,,2025-03-30 16:50:23+00:00,100,55,
51.5907381568104,-0.7837828807532787,1,,2025-03-30 16:50:29+00:00,102,55,
51.59077654592693,-0.7838881574571133,1,,2025-03-30 16:50:34+00:00,99,54,
51.590796913951635,-0.7839717250317335,1,,2025-03-30 16:50:38+00:00,98,54,
51.59082650206983,-0.784083204343915,1,,2025-03-30 16:50:44+00:00,99,54,
51.590851647779346,-0.7841346692293882,1,,2025-03-30 16:50:46+00:00,100,55,
51.59093546681106,-0.784313790500164,1,,2025-03-30 16:50:55+00:00,102,55,
51.590954661369324,-0.7843504194170237,1,,2025-03-30 16:50:57+00:00,100,55,
51.59101936966181,-0.7844550255686045,1,,2025-03-30 16:51:03+00:00,101,55,
51.59105088561773,-0.7844841945916414,1,,2025-03-30 16:51:05+00:00,102,55,
51.591130178421736,-0.7845616433769464,1,,2025-03-30 16:51:10+00:00,98,55,
51.59117585979402,-0.7846058160066605,1,,2025-03-30 16:51:13+00:00,95,53,
51.5912667196244,-0.7846846897155046,1,,2025-03-30 16:51:19+00:00,97,55,
51.59127996303141,-0.7846971787512302,1,,2025-03-30 16:51:20+00:00,93,55,
51.59129220061004,-0.7847110088914633,1,,2025-03-30 16:51:21+00:00,97,55,
51.59131743013859,-0.7847379148006439,1,,2025-03-30 16:51:23+00:00,96,55,
51.59138968214393,-0.7847791537642479,1,,2025-03-30 16:51:28+00:00,99,55,
51.59142656251788,-0.7848102506250143,1,,2025-03-30 16:51:31+00:00,98,55,
51.591527815908194,-0.784896332770586,1,,2025-03-30 16:51:39+00:00,94,55,
51.59154089167714,-0.7849061395972967,1,,2025-03-30 16:51:40+00:00,97,55,
51.59155287779868,-0.784916952252388,1,,2025-03-30 16:51:41+00:00,96,55,
51.59156813286245,-0.7849285192787647,1,,2025-03-30 16:51:42+00:00,96,55,
51.591600151732564,-0.7849431037902832,1,,2025-03-30 16:51:44+00:00,95,55,
51.59164482727647,-0.7849661540240049,1,,2025-03-30 16:51:47+00:00,92,54,
51.591660249978304,-0.7849747873842716,1,,2025-03-30 16:51:48+00:00,92,54,
51.591726718470454,-0.7850031182169914,1,,2025-03-30 16:51:52+00:00,92,55,
51.59175932407379,-0.7850188761949539,1,,2025-03-30 16:51:54+00:00,92,55,
51.59180953167379,-0.7850405853241682,1,,2025-03-30 16:51:57+00:00,92,55,
51.59191573038697,-0.7850758731365204,1,,2025-03-30 16:52:03+00:00,93,55,
51.591930482536554,-0.785082159563899,1,,2025-03-30 16:52:04+00:00,92,55,
51.59204221330583,-0.7851260807365179,1,,2025-03-30 16:52:12+00:00,91,55,
51.592132821679115,-0.7851656433194876,1,,2025-03-30 16:52:19+00:00,93,55,
51.59213491715491,-0.7852038647979498,1,,2025-03-30 16:52:21+00:00,93,54,
51.59210566431284,-0.7852663937956095,1,,2025-03-30 16:52:25+00:00,94,46,
51.592062497511506,-0.7853435073047876,1,,2025-03-30 16:52:30+00:00,91,52,
51.59202637150884,-0.7854019291698933,1,,2025-03-30 16:52:34+00:00,89,55,
51.592014050111175,-0.7854272425174713,1,,2025-03-30 16:52:36+00:00,92,55,
51.59198546782136,-0.7854590099304914,1,,2025-03-30 16:52:40+00:00,89,52,
51.59197968430817,-0.7854666374623775,1,,2025-03-30 16:52:41+00:00,89,52,
51.59188446588814,-0.7855258975178003,1,,2025-03-30 16:52:49+00:00,89,51,
51.59180517308414,-0.7855938747525215,1,,2025-03-30 16:52:57+00:00,92,48,
51.59176745451987,-0.7856363710016012,1,,2025-03-30 16:53:01+00:00,92,52,
51.591737531125546,-0.7856766041368246,1,,2025-03-30 16:53:04+00:00,95,52,
51.591689083725214,-0.7857397198677063,1,,2025-03-30 16:53:09+00:00,93,51,
51.59165857359767,-0.7857638597488403,1,,2025-03-30 16:53:12+00:00,95,50,
51.59161574207246,-0.785806942731142,1,,2025-03-30 16:53:16+00:00,98,51,
51.591588500887156,-0.7858601678162813,1,,2025-03-30 16:53:20+00:00,99,49,
51.591582549735904,-0.7858729083091021,1,,2025-03-30 16:53:21+00:00,98,49,
51.591548938304186,-0.7859097886830568,1,,2025-03-30 16:53:24+00:00,102,46,
51.59153737127781,-0.7859252113848925,1,,2025-03-30 16:53:27+00:00,101,46,
51.59151599742472,-0.7859458308666945,1,,2025-03-30 16:53:29+00:00,103,46,
51.591474674642086,-0.785994865000248,1,,2025-03-30 16:53:34+00:00,102,46,
51.59144056029618,-0.7860449887812138,1,,2025-03-30 16:53:38+00:00,102,46,
51.59141273237765,-0.7860736548900604,1,,2025-03-30 16:53:42+00:00,100,44,
51.59140636213124,-0.7860811147838831,1,,2025-03-30 16:53:44+00:00,100,45,
51.59138783812523,-0.7860971242189407,1,,2025-03-30 16:53:48+00:00,101,46,
51.59137828275561,-0.7861059252172709,1,,2025-03-30 16:53:49+00:00,102,46,
51.59131466411054,-0.7861608266830444,1,,2025-03-30 16:53:55+00:00,103,42,
51.59129798412323,-0.786173902451992,1,,2025-03-30 16:53:57+00:00,104,41,
51.591287003830075,-0.7861821167171001,1,,2025-03-30 16:53:58+00:00,104,42,
51.59126127138734,-0.7861996348947287,1,,2025-03-30 16:54:01+00:00,105,45,
51.59124534577131,-0.7862083520740271,1,,2025-03-30 16:54:03+00:00,105,44,
51.59123595803976,-0.7862152252346277,1,,2025-03-30 16:54:04+00:00,104,44,
51.591216679662466,-0.7862204220145941,1,,2025-03-30 16:54:06+00:00,104,44,
51.59120041877031,-0.7862244453281164,1,,2025-03-30 16:54:08+00:00,104,45,
51.591186840087175,-0.7862298097461462,1,,2025-03-30 16:54:10+00:00,105,45,
51.591179044917226,-0.7862315699458122,1,,2025-03-30 16:54:11+00:00,107,44,
51.59116571769118,-0.7862341683357954,1,,2025-03-30 16:54:13+00:00,106,42,
51.591140823438764,-0.7862319052219391,1,,2025-03-30 16:54:15+00:00,104,43,
51.59110536798835,-0.7862304802983999,1,,2025-03-30 16:54:17+00:00,103,43,
51.59103713929653,-0.7862443942576647,1,,2025-03-30 16:54:21+00:00,104,45,
51.59099942073226,-0.7862553745508194,1,,2025-03-30 16:54:23+00:00,103,46,
51.5909868478775,-0.786247830837965,1,,2025-03-30 16:54:24+00:00,104,46,
51.590924905613065,-0.7862125430256128,1,,2025-03-30 16:54:30+00:00,104,45,
51.59091342240572,-0.7862094417214394,1,,2025-03-30 16:54:31+00:00,104,45,
51.5908679086715,-0.7861793506890535,1,,2025-03-30 16:54:35+00:00,103,50,
51.590818874537945,-0.7861610781401396,1,,2025-03-30 16:54:39+00:00,104,47,
51.590807223692536,-0.7861531153321266,1,,2025-03-30 16:54:40+00:00,102,47,
51.59074435941875,-0.7861169893294573,1,,2025-03-30 16:54:46+00:00,101,49,
51.59071359783411,-0.7860786840319633,1,,2025-03-30 16:54:51+00:00,102,46,
51.59067889675498,-0.7860652729868889,1,,2025-03-30 16:54:55+00:00,100,46,
51.5906673297286,-0.7860712241381407,1,,2025-03-30 16:54:56+00:00,97,46,
51.59064226783812,-0.7860713917762041,1,,2025-03-30 16:54:58+00:00,98,46,
51.59060010686517,-0.7860727328807116,1,,2025-03-30 16:55:01+00:00,99,47,
51.590543361380696,-0.7860771752893925,1,,2025-03-30 16:55:05+00:00,103,48,
51.59051184542477,-0.7860810309648514,1,,2025-03-30 16:55:08+00:00,107,49,
51.59050195477903,-0.7860797736793756,1,,2025-03-30 16:55:09+00:00,108,48,
51.590489968657494,-0.7860761694610119,1,,2025-03-30 16:55:10+00:00,108,46,
51.59044914878905,-0.7860836293548346,1,,2025-03-30 16:55:14+00:00,109,47,
51.590414280071855,-0.7860926818102598,1,,2025-03-30 16:55:17+00:00,107,47,
51.59040070138872,-0.7860957831144333,1,,2025-03-30 16:55:18+00:00,106,46,
51.590314619243145,-0.7861179113388062,1,,2025-03-30 16:55:25+00:00,107,50,
51.590302465483546,-0.786120006814599,1,,2025-03-30 16:55:26+00:00,107,50,
51.5902909822762,-0.7861239463090897,1,,2025-03-30 16:55:27+00:00,110,51,
51.59021412022412,-0.7861486729234457,1,,2025-03-30 16:55:34+00:00,111,48,
51.59018914215267,-0.7861586473882198,1,,2025-03-30 16:55:36+00:00,107,48,
51.59016961231828,-0.7861593179404736,1,,2025-03-30 16:55:38+00:00,104,48,
51.590134324505925,-0.7861512713134289,1,,2025-03-30 16:55:42+00:00,104,48,
51.590124517679214,-0.7861522771418095,1,,2025-03-30 16:55:43+00:00,104,48,
51.59008973278105,-0.7861584797501564,1,,2025-03-30 16:55:47+00:00,105,49,
51.590075735002756,-0.7861580606549978,1,,2025-03-30 16:55:49+00:00,105,50,
51.590069867670536,-0.7861575577408075,1,,2025-03-30 16:55:50+00:00,105,50,
51.59005343914032,-0.7861634250730276,1,,2025-03-30 16:55:52+00:00,103,50,
51.590021420270205,-0.78619041480124,1,,2025-03-30 16:55:55+00:00,106,51,
51.590007673949,-0.7861999701708555,1,,2025-03-30 16:55:56+00:00,107,52,
51.58999199979007,-0.7862083520740271,1,,2025-03-30 16:55:57+00:00,105,53,
51.58997037447989,-0.786221344023943,1,,2025-03-30 16:55:59+00:00,106,54,
51.58990683965385,-0.7862447295337915,1,,2025-03-30 16:56:05+00:00,105,53,
51.589866103604436,-0.7862686179578304,1,,2025-03-30 16:56:08+00:00,106,53,
51.58981514163315,-0.7862891536206007,1,,2025-03-30 16:56:11+00:00,104,52,
51.589756133034825,-0.7863075099885464,1,,2025-03-30 16:56:15+00:00,102,52,
51.589716570451856,-0.7863131258636713,1,,2025-03-30 16:56:18+00:00,105,52,
51.589641803875566,-0.7863389421254396,1,,2025-03-30 16:56:22+00:00,102,51,
51.5896125510335,-0.7863426301628351,1,,2025-03-30 16:56:24+00:00,101,50,
51.58958581276238,-0.7863432168960571,1,,2025-03-30 16:56:26+00:00,104,50,
51.58949721604586,-0.7863782532513142,1,,2025-03-30 16:56:33+00:00,104,48,
51.58948715776205,-0.7863816060125828,1,,2025-03-30 16:56:34+00:00,104,48,
51.589477602392435,-0.7863830309361219,1,,2025-03-30 16:56:35+00:00,104,48,
51.589438458904624,-0.7864024769514799,1,,2025-03-30 16:56:38+00:00,103,49,
51.58939721994102,-0.7864188216626644,1,,2025-03-30 16:56:41+00:00,103,48,
51.58937341533601,-0.7864291314035654,1,,2025-03-30 16:56:43+00:00,103,48,
51.589288506656885,-0.7864813506603241,1,,2025-03-30 16:56:50+00:00,105,50,
51.58927853219211,-0.7864930853247643,1,,2025-03-30 16:56:51+00:00,104,49,
51.589198652654886,-0.7866020500659943,1,,2025-03-30 16:57:00+00:00,106,48,
51.589162945747375,-0.7866582088172436,1,,2025-03-30 16:57:04+00:00,108,49,
51.58913008868694,-0.7867486495524645,1,,2025-03-30 16:57:09+00:00,104,47,
51.589126316830516,-0.7867703586816788,1,,2025-03-30 16:57:10+00:00,104,47,
51.58912271261215,-0.7867898885160685,1,,2025-03-30 16:57:11+00:00,104,46,
51.589097985997796,-0.7868980150669813,1,,2025-03-30 16:57:17+00:00,104,48,
51.58907309174538,-0.7869859412312508,1,,2025-03-30 16:57:21+00:00,105,49,
51.589019782841206,-0.7871923875063658,1,,2025-03-30 16:57:31+00:00,107,51,
51.58900838345289,-0.7872175332158804,1,,2025-03-30 16:57:32+00:00,107,51,
51.588911740109324,-0.7874414138495922,1,,2025-03-30 16:57:42+00:00,109,51,
51.588871255517006,-0.7875055354088545,1,,2025-03-30 16:57:46+00:00,106,48,
51.5888300165534,-0.7875839900225401,1,,2025-03-30 16:57:51+00:00,105,48,
51.58880160190165,-0.7876392267644405,1,,2025-03-30 16:57:54+00:00,106,48,
51.58874745480716,-0.7877227105200291,1,,2025-03-30 16:57:59+00:00,103,49,
51.58872532658279,-0.7877527177333832,1,,2025-03-30 16:58:01+00:00,103,51,
51.588699175044894,-0.7877987343817949,1,,2025-03-30 16:58:04+00:00,106,51,
51.588655170053244,-0.787867633625865,1,,2025-03-30 16:58:09+00:00,104,50,
51.588583420962095,-0.7879732456058264,1,,2025-03-30 16:58:16+00:00,105,51,
51.588574117049575,-0.7879891712218523,1,,2025-03-30 16:58:17+00:00,109,51,
51.588557017967105,-0.7880195137113333,1,,2025-03-30 16:58:19+00:00,106,51,
51.588498931378126,-0.7881063502281904,1,,2025-03-30 16:58:26+00:00,106,51,
51.588448053225875,-0.7881656102836132,1,,2025-03-30 16:58:30+00:00,106,50,
51.588415866717696,-0.7882004790008068,1,,2025-03-30 16:58:33+00:00,103,51,
51.588396253064275,-0.7882243674248457,1,,2025-03-30 16:58:35+00:00,100,51,
51.58835845068097,-0.7882560510188341,1,,2025-03-30 16:58:38+00:00,97,51,
51.58829080872238,-0.7883231900632381,1,,2025-03-30 16:58:44+00:00,97,51,
51.588209671899676,-0.7883892394602299,2,,2025-03-30 16:58:52+00:00,98,51,
51.58816985785961,-0.7884129602462053,2,,2025-03-30 16:58:57+00:00,101,50,
51.58812250010669,-0.788429556414485,2,,2025-03-30 16:59:02+00:00,100,51,
51.5881029702723,-0.7884171511977911,2,,2025-03-30 16:59:04+00:00,100,52,
51.58806826919317,-0.7883991301059723,2,,2025-03-30 16:59:07+00:00,97,52,
51.588020240888,-0.7883662730455399,2,,2025-03-30 16:59:11+00:00,101,52,
51.58797967247665,-0.7883336674422026,2,,2025-03-30 16:59:14+00:00,104,53,
51.587915886193514,-0.788287902250886,2,,2025-03-30 16:59:19+00:00,105,54,
51.58787707798183,-0.7882465794682503,2,,2025-03-30 16:59:22+00:00,105,54,
51.587797701358795,-0.7881580665707588,2,,2025-03-30 16:59:29+00:00,105,54,
51.58773299306631,-0.7881665322929621,2,,2025-03-30 16:59:33+00:00,106,59,
51.587682869285345,-0.788181284442544,2,,2025-03-30 16:59:36+00:00,107,57,
51.58762218430638,-0.7882424723356962,2,,2025-03-30 16:59:40+00:00,104,56,
51.587592428550124,-0.788281112909317,2,,2025-03-30 16:59:42+00:00,103,54,
51.58754984848201,-0.7883668597787619,2,,2025-03-30 16:59:47+00:00,105,54,
51.58753761090338,-0.7884111162275076,2,,2025-03-30 16:59:50+00:00,107,54,
51.5875091124326,-0.7885193265974522,2,,2025-03-30 16:59:56+00:00,110,53,
51.587502574548125,-0.7885322347283363,2,,2025-03-30 16:59:57+00:00,109,53,
51.587476171553135,-0.7885752338916063,2,,2025-03-30 17:00:00+00:00,107,53,
51.58742202445865,-0.7886627409607172,2,,2025-03-30 17:00:05+00:00,106,53,
51.587383802980185,-0.7887289579957724,2,,2025-03-30 17:00:09+00:00,109,54,
51.58736796118319,-0.7887732982635498,2,,2025-03-30 17:00:11+00:00,107,53,
51.58731020987034,-0.788915203884244,2,,2025-03-30 17:00:18+00:00,107,53,
51.587300319224596,-0.788943450897932,2,,2025-03-30 17:00:20+00:00,106,53,
51.587282130494714,-0.7889958377927542,2,,2025-03-30 17:00:23+00:00,105,53,
51.58725254237652,-0.7891017012298107,2,,2025-03-30 17:00:29+00:00,102,51,
51.58724147826433,-0.7891488075256348,2,,2025-03-30 17:00:31+00:00,104,51,
51.58720317296684,-0.7893197145313025,2,,2025-03-30 17:00:39+00:00,106,54,
51.58714567311108,-0.7894541602581739,2,,2025-03-30 17:00:46+00:00,107,53,
51.58712455071509,-0.7895129173994064,2,,2025-03-30 17:00:49+00:00,104,53,
51.587088759988546,-0.7895870134234428,2,,2025-03-30 17:00:53+00:00,102,52,
51.587017849087715,-0.7897724211215973,2,,2025-03-30 17:01:02+00:00,104,53,
51.586969485506415,-0.7899067830294371,2,,2025-03-30 17:01:09+00:00,104,51,
51.58694534562528,-0.7899701502174139,2,,2025-03-30 17:01:12+00:00,101,52,
51.58693143166602,-0.7900051865726709,2,,2025-03-30 17:01:14+00:00,104,52,
51.58690318465233,-0.7900914363563061,2,,2025-03-30 17:01:18+00:00,104,54,
51.58689455129206,-0.7901358604431152,2,,2025-03-30 17:01:20+00:00,105,55,
51.586890276521444,-0.7901770994067192,2,,2025-03-30 17:01:22+00:00,104,54,
51.58687829039991,-0.7902630139142275,2,,2025-03-30 17:01:26+00:00,104,53,
51.58683822490275,-0.7903802767395973,2,,2025-03-30 17:01:32+00:00,103,55,
51.58681869506836,-0.7904464937746525,2,,2025-03-30 17:01:36+00:00,102,52,
51.58678223378956,-0.7905907463282347,2,,2025-03-30 17:01:44+00:00,102,53,
51.586731523275375,-0.7907469850033522,2,,2025-03-30 17:01:52+00:00,104,53,
51.586724650114775,-0.7907645870000124,2,,2025-03-30 17:01:53+00:00,103,53,
51.586697325110435,-0.7908919081091881,2,,2025-03-30 17:01:59+00:00,103,53,
51.58666203729808,-0.7910210732370615,2,,2025-03-30 17:02:05+00:00,104,52,
51.58663898706436,-0.7911152020096779,2,,2025-03-30 17:02:10+00:00,101,53,
51.586632281541824,-0.791136072948575,2,,2025-03-30 17:02:11+00:00,101,53,
51.58662582747638,-0.7911541778594255,2,,2025-03-30 17:02:12+00:00,104,53,
51.586598167195916,-0.7912757992744446,2,,2025-03-30 17:02:18+00:00,101,52,
51.5865936409682,-0.7912963349372149,2,,2025-03-30 17:02:19+00:00,101,52,
51.586584001779556,-0.7913321256637573,2,,2025-03-30 17:02:21+00:00,104,53,
51.586571261286736,-0.7913530804216862,2,,2025-03-30 17:02:23+00:00,101,53,
51.586561035364866,-0.7913865242153406,2,,2025-03-30 17:02:25+00:00,103,52,
51.58649180084467,-0.7915172819048166,2,,2025-03-30 17:02:33+00:00,101,51,
51.58647361211479,-0.7915384881198406,2,,2025-03-30 17:02:35+00:00,105,52,
51.586423153057694,-0.7915965747088194,2,,2025-03-30 17:02:40+00:00,101,53,
51.586410412564874,-0.7916104048490524,2,,2025-03-30 17:02:41+00:00,104,53,
51.586393313482404,-0.7916134223341942,2,,2025-03-30 17:02:42+00:00,103,53,
51.58632424660027,-0.7915805652737617,2,,2025-03-30 17:02:49+00:00,103,51,
51.58629926852882,-0.7916149310767651,2,,2025-03-30 17:03:48+00:00,95,0,
51.586302453652024,-0.7916239835321903,2,,2025-03-30 17:03:49+00:00,96,0,
51.58630823716521,-0.7916651386767626,2,,2025-03-30 17:03:52+00:00,93,46,
51.58630723133683,-0.7916792202740908,2,,2025-03-30 17:03:53+00:00,96,46,
51.58626808784902,-0.7917533162981272,2,,2025-03-30 17:03:59+00:00,99,49,
51.586261382326484,-0.7917616982012987,2,,2025-03-30 17:04:00+00:00,98,49,
51.58625383861363,-0.7917715888470411,2,,2025-03-30 17:04:01+00:00,101,49,
51.58621813170612,-0.7918111514300108,2,,2025-03-30 17:04:05+00:00,98,53,
51.586207235231996,-0.7918238081037998,2,,2025-03-30 17:04:06+00:00,97,54,
51.586140766739845,-0.7918922044336796,2,,2025-03-30 17:04:13+00:00,96,54,
51.586083099246025,-0.7919290009886026,2,,2025-03-30 17:04:17+00:00,96,54,
51.58607027493417,-0.791931850835681,2,,2025-03-30 17:04:18+00:00,93,54,
51.58596466295421,-0.7919808011502028,2,,2025-03-30 17:04:26+00:00,96,53,
51.585867600515485,-0.7920426595956087,2,,2025-03-30 17:04:33+00:00,100,53,
51.58585385419428,-0.7920574955642223,2,,2025-03-30 17:04:34+00:00,96,53,
51.585819739848375,-0.7920745946466923,2,,2025-03-30 17:04:37+00:00,95,53,
51.58578855916858,-0.792087335139513,2,,2025-03-30 17:04:40+00:00,94,53,
51.585771879181266,-0.7921070326119661,2,,2025-03-30 17:04:41+00:00,98,53,
51.585657466202974,-0.7921872474253178,2,,2025-03-30 17:04:49+00:00,102,53,
51.58560340292752,-0.792218092828989,2,,2025-03-30 17:04:53+00:00,102,53,
51.58543090336025,-0.7923175860196352,2,,2025-03-30 17:05:07+00:00,101,53,
51.58540860749781,-0.7923266384750605,2,,2025-03-30 17:05:09+00:00,100,53,
51.58526779152453,-0.792475501075387,2,,2025-03-30 17:05:18+00:00,101,53,
51.58523250371218,-0.7925156503915787,2,,2025-03-30 17:05:21+00:00,99,51,
51.58518187701702,-0.7925675343722105,2,,2025-03-30 17:05:25+00:00,95,51,
51.58516896888614,-0.7925798557698727,2,,2025-03-30 17:05:26+00:00,98,51,
51.58508816733956,-0.7926676981151104,2,,2025-03-30 17:05:32+00:00,101,53,
51.58505589701235,-0.7927098590880632,2,,2025-03-30 17:05:35+00:00,102,53,
51.585044749081135,-0.7927227672189474,2,,2025-03-30 17:05:36+00:00,99,53,
51.5850222017616,-0.792746152728796,2,,2025-03-30 17:05:38+00:00,101,53,
51.58495330251753,-0.7928168121725321,2,,2025-03-30 17:05:44+00:00,101,53,
51.58492622897029,-0.792866600677371,2,,2025-03-30 17:05:47+00:00,97,53,
51.58491617068648,-0.7928808499127626,2,,2025-03-30 17:05:48+00:00,101,53,
51.584894210100174,-0.7929209992289543,2,,2025-03-30 17:05:50+00:00,100,52,
51.58485976047814,-0.793076902627945,2,,2025-03-30 17:05:57+00:00,98,57,
51.58490125089884,-0.793189387768507,2,,2025-03-30 17:06:02+00:00,101,56,
51.58491508103907,-0.7932316325604916,2,,2025-03-30 17:06:04+00:00,99,56,
51.58495740965009,-0.7933986838907003,2,,2025-03-30 17:06:13+00:00,98,54,
51.58499060198665,-0.793526591733098,2,,2025-03-30 17:06:20+00:00,95,53,
51.58501080237329,-0.7935696747153997,2,,2025-03-30 17:06:23+00:00,98,54,
51.58503712154925,-0.7936494704335928,2,,2025-03-30 17:06:27+00:00,101,53,
51.5850412286818,-0.7936630491167307,2,,2025-03-30 17:06:28+00:00,101,53,
51.58506469801068,-0.7937601953744888,2,,2025-03-30 17:06:34+00:00,102,54,
51.585075594484806,-0.7937793061137199,2,,2025-03-30 17:06:35+00:00,103,54,
51.58509965054691,-0.7938588503748178,2,,2025-03-30 17:06:39+00:00,102,54,
51.58511004410684,-0.7939019333571196,2,,2025-03-30 17:06:41+00:00,103,54,
51.58512907102704,-0.7939685694873333,2,,2025-03-30 17:06:44+00:00,103,54,
51.585162514820695,-0.7940400671213865,2,,2025-03-30 17:06:48+00:00,101,53,
51.58522479236126,-0.7941724173724651,2,,2025-03-30 17:06:54+00:00,102,57,
51.58523275516927,-0.7941992394626141,2,,2025-03-30 17:06:55+00:00,103,57,
51.58526628278196,-0.7942406460642815,2,,2025-03-30 17:06:58+00:00,102,56,
51.58529796637595,-0.7942605949938297,2,,2025-03-30 17:07:02+00:00,102,54,
51.58530634827912,-0.7942625228315592,2,,2025-03-30 17:07:03+00:00,101,54,
51.585337948054075,-0.7942821364849806,2,,2025-03-30 17:07:08+00:00,100,57,
51.585346749052405,-0.7942960504442453,2,,2025-03-30 17:07:10+00:00,99,110,
51.585350688546896,-0.7943076174706221,2,,2025-03-30 17:07:11+00:00,100,110,
51.585359992459416,-0.79432119615376,2,,2025-03-30 17:07:12+00:00,100,110,
51.5853900834918,-0.7943426538258791,2,,2025-03-30 17:07:17+00:00,100,110,
51.585396118462086,-0.7943481858819723,2,,2025-03-30 17:07:18+00:00,99,110,
51.58540693111718,-0.7943507842719555,2,,2025-03-30 17:07:20+00:00,100,53,
51.58541011624038,-0.7943507842719555,2,,2025-03-30 17:07:21+00:00,101,53,
51.585422940552235,-0.7943602558225393,2,,2025-03-30 17:07:24+00:00,102,53,
51.585469376295805,-0.7943910174071789,2,,2025-03-30 17:07:29+00:00,102,53,
51.58550525084138,-0.7944030035287142,2,,2025-03-30 17:07:31+00:00,102,53,
51.58557289279997,-0.7944196835160255,2,,2025-03-30 17:07:35+00:00,100,52,
51.58558244816959,-0.7944230362772942,2,,2025-03-30 17:07:36+00:00,100,51,
51.58560692332685,-0.7944296579807997,2,,2025-03-30 17:07:38+00:00,100,52,
51.58563483506441,-0.7944347709417343,2,,2025-03-30 17:07:40+00:00,99,54,
51.58564791083336,-0.7944387942552567,2,,2025-03-30 17:07:41+00:00,102,54,
51.58569158054888,-0.7944631855934858,2,,2025-03-30 17:07:44+00:00,101,54,
51.58571898937225,-0.7944800332188606,2,,2025-03-30 17:07:46+00:00,101,54,
51.58578026108444,-0.7945146504789591,2,,2025-03-30 17:07:51+00:00,102,53,
51.58588897436857,-0.794591261073947,2,,2025-03-30 17:07:57+00:00,103,53,
51.5859117731452,-0.7946116290986538,2,,2025-03-30 17:07:59+00:00,102,54,
51.58599399961531,-0.7946898322552443,2,,2025-03-30 17:08:05+00:00,104,55,
51.58602945506573,-0.7947322446852922,2,,2025-03-30 17:08:08+00:00,104,54,
51.586087541654706,-0.794787984341383,2,,2025-03-30 17:08:14+00:00,101,54,
51.58609936013818,-0.7948055863380432,2,,2025-03-30 17:08:15+00:00,101,53,
51.58612618222833,-0.7948446460068226,2,,2025-03-30 17:08:17+00:00,102,53,
51.58619868569076,-0.7949438039213419,2,,2025-03-30 17:08:23+00:00,99,53,
51.58620933070779,-0.7949614059180021,2,,2025-03-30 17:08:24+00:00,99,53,
51.58626205287874,-0.7950424589216709,2,,2025-03-30 17:08:29+00:00,100,53,
51.586293149739504,-0.7950785011053085,2,,2025-03-30 17:08:31+00:00,100,53,
51.58636984415352,-0.7951812632381916,2,,2025-03-30 17:08:37+00:00,103,54,
51.58640471287072,-0.7951952610164881,2,,2025-03-30 17:08:39+00:00,102,53,
51.58643748611212,-0.7952188979834318,2,,2025-03-30 17:08:41+00:00,99,53,
51.58649590797722,-0.7952763140201569,2,,2025-03-30 17:08:45+00:00,98,54,
51.58657821826637,-0.7953603006899357,2,,2025-03-30 17:08:52+00:00,95,50,
51.58658743835986,-0.7953742984682322,2,,2025-03-30 17:08:53+00:00,95,50,
51.58663446083665,-0.79545090906322,2,,2025-03-30 17:08:59+00:00,92,47,
51.58664510585368,-0.7954634819179773,2,,2025-03-30 17:09:01+00:00,94,46,
51.586709395051,-0.7955522462725639,2,,2025-03-30 17:09:08+00:00,96,50,
51.58676949329674,-0.7956540863960981,2,,2025-03-30 17:09:16+00:00,99,50,
51.58678315579891,-0.7956764660775661,2,,2025-03-30 17:09:18+00:00,98,48,
51.58680855296552,-0.7957207225263119,2,,2025-03-30 17:09:22+00:00,95,47,
51.58682271838188,-0.795732457190752,2,,2025-03-30 17:09:23+00:00,96,46,
51.58687359653413,-0.7957748696208,2,,2025-03-30 17:09:26+00:00,95,47,
51.58691215328872,-0.7958073914051056,2,,2025-03-30 17:09:29+00:00,95,47,
51.58697258681059,-0.7958777155727148,2,,2025-03-30 17:09:34+00:00,93,50,
51.586982645094395,-0.7958933059126139,2,,2025-03-30 17:09:35+00:00,94,50,
51.58703033812344,-0.795977208763361,2,,2025-03-30 17:09:41+00:00,96,49,
51.587118515744805,-0.7960693258792162,2,,2025-03-30 17:09:48+00:00,97,50,
51.58714449964464,-0.7961090561002493,2,,2025-03-30 17:09:51+00:00,94,50,
51.58715254627168,-0.7961198687553406,2,,2025-03-30 17:09:52+00:00,99,50,
51.587163945659995,-0.7961300946772099,2,,2025-03-30 17:09:53+00:00,96,49,
51.58717408776283,-0.7961395662277937,2,,2025-03-30 17:09:54+00:00,99,49,
51.58718389458954,-0.7961485348641872,2,,2025-03-30 17:09:55+00:00,99,49,
51.58721859566867,-0.7961911987513304,2,,2025-03-30 17:09:59+00:00,101,46,
51.587251955643296,-0.7962491177022457,2,,2025-03-30 17:10:04+00:00,100,48,
51.587279699742794,-0.7962823938578367,2,,2025-03-30 17:10:07+00:00,98,49,
51.58728774636984,-0.7963010016828775,2,,2025-03-30 17:10:08+00:00,96,49,
51.587324710562825,-0.7963438332080841,2,,2025-03-30 17:10:11+00:00,97,49,
51.58737081103027,-0.7963942084461451,2,,2025-03-30 17:10:15+00:00,96,49,
51.58737726509571,-0.7964052725583315,2,,2025-03-30 17:10:16+00:00,100,47,
51.587398471310735,-0.79642572440207,2,,2025-03-30 17:10:18+00:00,98,46,
51.587411630898714,-0.7964367885142565,2,,2025-03-30 17:10:19+00:00,97,48,
51.58746326342225,-0.7964853197336197,2,,2025-03-30 17:10:23+00:00,97,48,
51.5874919295311,-0.7965316716581583,2,,2025-03-30 17:10:26+00:00,99,48,
51.58750098198652,-0.7965449150651693,2,,2025-03-30 17:10:27+00:00,96,48,
51.58750668168068,-0.7965572364628315,2,,2025-03-30 17:10:28+00:00,98,48,
51.58756786957383,-0.7966524548828602,2,,2025-03-30 17:10:36+00:00,99,49,
51.58757516182959,-0.7966621778905392,2,,2025-03-30 17:10:37+00:00,96,49,
51.58758396282792,-0.7966730743646622,2,,2025-03-30 17:10:38+00:00,98,49,
51.58763274550438,-0.7967574801295996,2,,2025-03-30 17:10:44+00:00,101,50,
51.58765101805329,-0.7967815361917019,2,,2025-03-30 17:10:46+00:00,100,48,
51.58767172135413,-0.796845406293869,2,,2025-03-30 17:10:50+00:00,100,49,
51.58767725341022,-0.7968633435666561,2,,2025-03-30 17:10:51+00:00,96,48,
51.58774279989302,-0.7970463205128908,2,,2025-03-30 17:11:02+00:00,96,48,
51.58775654621422,-0.7971027307212353,3,,2025-03-30 17:11:05+00:00,100,48,
51.58777096308768,-0.7971449755132198,3,,2025-03-30 17:11:08+00:00,99,48,
51.587804574519396,-0.7972179818898439,3,,2025-03-30 17:11:13+00:00,96,46,
51.58781446516514,-0.7972467318177223,3,,2025-03-30 17:11:15+00:00,96,45,
51.58783064223826,-0.7972801756113768,3,,2025-03-30 17:11:17+00:00,94,44,
51.58784279599786,-0.7973992824554443,3,,2025-03-30 17:11:23+00:00,94,46,
51.58786257728934,-0.7974387612193823,3,,2025-03-30 17:11:26+00:00,89,44,
51.58787464722991,-0.7974748034030199,3,,2025-03-30 17:11:29+00:00,86,42,
51.587879341095686,-0.7974871248006821,3,,2025-03-30 17:11:30+00:00,86,42,
51.58788403496146,-0.7975026313215494,3,,2025-03-30 17:11:31+00:00,91,42,
51.587888561189175,-0.797521322965622,3,,2025-03-30 17:11:32+00:00,91,43,
51.58789903856814,-0.7975395955145359,3,,2025-03-30 17:11:33+00:00,90,44,
51.58797103911638,-0.7977267634123564,3,,2025-03-30 17:11:43+00:00,92,49,
51.58797858282924,-0.7977437786757946,3,,2025-03-30 17:11:44+00:00,96,49,
51.587986294180155,-0.7977612130343914,3,,2025-03-30 17:11:45+00:00,95,49,
51.58800314180553,-0.7978005241602659,3,,2025-03-30 17:11:47+00:00,91,48,
51.58801236189902,-0.7978173717856407,3,,2025-03-30 17:11:48+00:00,95,46,
51.588050331920385,-0.7979016937315464,3,,2025-03-30 17:11:53+00:00,95,46,
51.588074304163456,-0.7979862671345472,3,,2025-03-30 17:11:58+00:00,97,43,
51.588079584762454,-0.7980006840080023,3,,2025-03-30 17:11:59+00:00,96,44,
51.58808511681855,-0.7980704214423895,3,,2025-03-30 17:12:03+00:00,92,47,
51.588097270578146,-0.7981044519692659,3,,2025-03-30 17:12:06+00:00,93,47,
51.588123086839914,-0.7981821522116661,3,,2025-03-30 17:12:12+00:00,93,46,
51.588143119588494,-0.7982305157929659,3,,2025-03-30 17:12:15+00:00,94,47,
51.588166588917375,-0.7983082998543978,3,,2025-03-30 17:12:19+00:00,90,43,
51.58817329443991,-0.798336798325181,3,,2025-03-30 17:12:21+00:00,91,44,
51.588190980255604,-0.7984132412821054,3,,2025-03-30 17:12:26+00:00,91,46,
51.58819726668298,-0.7984279096126556,3,,2025-03-30 17:12:27+00:00,92,45,
51.588234482333064,-0.7985287439078093,3,,2025-03-30 17:12:33+00:00,93,45,
51.58825292252004,-0.7985917758196592,3,,2025-03-30 17:12:37+00:00,96,46,
51.588265327736735,-0.7986256387084723,3,,2025-03-30 17:12:39+00:00,94,45,
51.588298603892326,-0.7987784408032894,3,,2025-03-30 17:12:49+00:00,93,46,
51.588317044079304,-0.7988345995545387,3,,2025-03-30 17:12:53+00:00,97,47,
51.58832240849733,-0.7988482620567083,3,,2025-03-30 17:12:54+00:00,95,47,
51.58835258334875,-0.7990086078643799,3,,2025-03-30 17:13:03+00:00,94,44,
51.58836440183222,-0.7990842126309872,3,,2025-03-30 17:13:08+00:00,96,47,
51.588362557813525,-0.799104580655694,3,,2025-03-30 17:13:09+00:00,95,47,
51.58837839961052,-0.7991977035999298,3,,2025-03-30 17:13:15+00:00,95,44,
51.58839415758848,-0.7993020582944155,3,,2025-03-30 17:13:21+00:00,94,45,
51.588405976071954,-0.7993430458009243,3,,2025-03-30 17:13:24+00:00,97,44,
51.58840790390968,-0.7993569597601891,3,,2025-03-30 17:13:25+00:00,94,42,
51.58841444179416,-0.7994011323899031,3,,2025-03-30 17:13:28+00:00,91,43,
51.58841636963189,-0.7994246855378151,3,,2025-03-30 17:13:29+00:00,91,43,
51.5884259250015,-0.7994546089321375,3,,2025-03-30 17:13:31+00:00,96,44,
51.588432965800166,-0.7994673494249582,3,,2025-03-30 17:13:32+00:00,96,44,
51.58844570629299,-0.7995385117828846,3,,2025-03-30 17:13:36+00:00,99,44,
51.58845609985292,-0.7996069081127644,3,,2025-03-30 17:13:40+00:00,103,45,
51.58845718950033,-0.7996206544339657,3,,2025-03-30 17:13:41+00:00,103,45,
51.58845609985292,-0.7996436208486557,3,,2025-03-30 17:13:43+00:00,101,46,
51.5884552616626,-0.79966826364398,3,,2025-03-30 17:13:45+00:00,100,42,
51.58847043290734,-0.7997225783765316,3,,2025-03-30 17:13:48+00:00,99,44,
51.588483173400164,-0.7997771445661783,3,,2025-03-30 17:13:51+00:00,102,44,
51.58848535269499,-0.7997958362102509,3,,2025-03-30 17:13:52+00:00,102,44,
51.588487196713686,-0.7998179644346237,3,,2025-03-30 17:13:53+00:00,102,45,
51.58851024694741,-0.7998795714229345,3,,2025-03-30 17:13:56+00:00,101,46,
51.58852642402053,-0.7999412622302771,3,,2025-03-30 17:13:59+00:00,105,46,
51.58853078261018,-0.7999591995030642,3,,2025-03-30 17:14:00+00:00,102,46,
51.58855400048196,-0.8000510651618242,3,,2025-03-30 17:14:04+00:00,106,46,
51.58857009373605,-0.8001047093421221,3,,2025-03-30 17:14:07+00:00,103,46,
51.588617535308,-0.8002459444105625,3,,2025-03-30 17:14:14+00:00,102,45,
51.58864611759782,-0.8003623690456152,3,,2025-03-30 17:14:20+00:00,99,44,
51.58864863216877,-0.8003803063184023,3,,2025-03-30 17:14:21+00:00,99,43,
51.58867369405925,-0.800475524738431,3,,2025-03-30 17:14:26+00:00,95,45,
51.58867687918246,-0.8004972338676453,3,,2025-03-30 17:14:27+00:00,95,45,
51.588690374046564,-0.8005875907838345,3,,2025-03-30 17:14:31+00:00,99,46,
51.58870571292937,-0.800673421472311,3,,2025-03-30 17:14:35+00:00,100,48,
51.5887076407671,-0.8006921131163836,3,,2025-03-30 17:14:36+00:00,102,48,
51.58871619030833,-0.8008166681975126,3,,2025-03-30 17:14:42+00:00,101,46,
51.58872230909765,-0.8008615951985121,3,,2025-03-30 17:14:44+00:00,98,45,
51.588743180036545,-0.800927309319377,3,,2025-03-30 17:14:48+00:00,98,0,
51.58874820917845,-0.8009439893066883,3,,2025-03-30 17:14:49+00:00,98,51,
51.58877410925925,-0.8010361902415752,3,,2025-03-30 17:14:55+00:00,100,48,
51.58877067267895,-0.8010501880198717,3,,2025-03-30 17:14:56+00:00,96,48,
51.58876438625157,-0.8010612521320581,3,,2025-03-30 17:14:57+00:00,98,49,
51.58874494023621,-0.8010747469961643,3,,2025-03-30 17:14:59+00:00,97,49,
51.588723147287965,-0.8010967914015055,3,,2025-03-30 17:15:01+00:00,100,47,
51.58871476538479,-0.8011064305901527,3,,2025-03-30 17:15:02+00:00,99,47,
51.58865793608129,-0.8011282235383987,3,,2025-03-30 17:15:07+00:00,98,48,
51.58857763744891,-0.8011382818222046,3,,2025-03-30 17:15:12+00:00,103,54,
51.58855123445392,-0.8011317439377308,3,,2025-03-30 17:15:14+00:00,104,54,
51.58852315507829,-0.8011195901781321,3,,2025-03-30 17:15:16+00:00,101,54,
51.58844034187496,-0.8010629285126925,3,,2025-03-30 17:15:23+00:00,102,53,
51.58834797330201,-0.8010378666222095,3,,2025-03-30 17:15:31+00:00,100,52,
51.58826197497547,-0.8009642735123634,3,,2025-03-30 17:15:38+00:00,100,52,
51.588244289159775,-0.8009529579430819,3,,2025-03-30 17:15:39+00:00,100,53,
51.58813750371337,-0.8009015768766403,3,,2025-03-30 17:15:47+00:00,103,53,
51.588116716593504,-0.8008979726582766,3,,2025-03-30 17:15:49+00:00,97,53,
51.58808335661888,-0.800895793363452,3,,2025-03-30 17:15:52+00:00,94,50,
51.58805971965194,-0.800884896889329,3,,2025-03-30 17:15:55+00:00,91,49,
51.58805242739618,-0.8008778560906649,3,,2025-03-30 17:15:56+00:00,91,48,
51.588012697175145,-0.8008857350796461,3,,2025-03-30 17:16:06+00:00,89,0,
51.58801772631705,-0.8008584100753069,3,,2025-03-30 17:16:14+00:00,92,0,
51.58801747485995,-0.8008585777133703,3,,2025-03-30 17:16:18+00:00,90,0,
51.58801143988967,-0.8008617628365755,3,,2025-03-30 17:16:28+00:00,93,0,
51.5880115237087,-0.8008619304746389,3,,2025-03-30 17:16:29+00:00,92,0,
51.58801479265094,-0.8008653670549393,3,,2025-03-30 17:16:36+00:00,89,0,
51.58797833137214,-0.8008974697440863,3,,2025-03-30 17:16:44+00:00,88,78,
51.587962405756116,-0.800919346511364,3,,2025-03-30 17:16:46+00:00,89,41,
51.58787707798183,-0.8009486831724644,3,,2025-03-30 17:16:53+00:00,91,46,
51.58781396225095,-0.8009386248886585,3,,2025-03-30 17:16:59+00:00,94,48,
51.58778286539018,-0.8009320870041847,3,,2025-03-30 17:17:02+00:00,93,47,
51.587697034701705,-0.8008847292512655,3,,2025-03-30 17:17:10+00:00,93,47,
51.587632074952126,-0.8008665405213833,3,,2025-03-30 17:17:15+00:00,96,47,
51.58757155761123,-0.8008393831551075,3,,2025-03-30 17:17:20+00:00,95,45,
51.58754490315914,-0.8008340187370777,3,,2025-03-30 17:17:22+00:00,97,48,
51.5875334199518,-0.8008323423564434,3,,2025-03-30 17:17:23+00:00,94,48,
51.58751397393644,-0.800821278244257,3,,2025-03-30 17:17:25+00:00,97,49,
51.58747298642993,-0.8007939532399178,3,,2025-03-30 17:17:29+00:00,97,47,
51.58742009662092,-0.8007412310689688,3,,2025-03-30 17:17:35+00:00,96,47,
51.58738782629371,-0.8007167559117079,3,,2025-03-30 17:17:38+00:00,95,45,
51.587365278974175,-0.8006998244673014,3,,2025-03-30 17:17:40+00:00,94,45,
51.58733217045665,-0.8006739243865013,3,,2025-03-30 17:17:43+00:00,97,50,
51.58726285211742,-0.8006156701594591,3,,2025-03-30 17:17:49+00:00,99,51,
51.58720468170941,-0.800576526671648,3,,2025-03-30 17:17:54+00:00,98,51,
51.587175680324435,-0.8005493693053722,3,,2025-03-30 17:17:57+00:00,98,50,
51.587085826322436,-0.8005134109407663,3,,2025-03-30 17:18:04+00:00,99,54,
51.587073588743806,-0.800507627427578,3,,2025-03-30 17:18:05+00:00,100,52,
51.58704944886267,-0.8004923723638058,3,,2025-03-30 17:18:07+00:00,97,52,
51.58701315522194,-0.8004760276526213,3,,2025-03-30 17:18:10+00:00,100,52,
51.58700066618621,-0.8004713337868452,3,,2025-03-30 17:18:11+00:00,101,52,
51.58698909915984,-0.8004635386168957,3,,2025-03-30 17:18:12+00:00,98,52,
51.58693981356919,-0.8004461042582989,3,,2025-03-30 17:18:16+00:00,99,53,
51.586904022842646,-0.8004312682896852,3,,2025-03-30 17:18:19+00:00,100,53,
51.586803356185555,-0.8004456851631403,3,,2025-03-30 17:18:26+00:00,100,52,
51.58678835257888,-0.8004532288759947,3,,2025-03-30 17:18:27+00:00,99,52,
51.586735378950834,-0.8004618622362614,3,,2025-03-30 17:18:31+00:00,101,54,
51.58668098039925,-0.8004509657621384,3,,2025-03-30 17:18:35+00:00,101,53,
51.58662809059024,-0.8004513010382652,3,,2025-03-30 17:18:39+00:00,98,51,
51.58658408559859,-0.8004520554095507,3,,2025-03-30 17:18:42+00:00,101,53,
51.58655600622296,-0.8004521392285824,3,,2025-03-30 17:18:44+00:00,99,53,
51.58652608282864,-0.8004581741988659,3,,2025-03-30 17:18:46+00:00,102,53,
51.586497500538826,-0.8004602696746588,3,,2025-03-30 17:18:48+00:00,102,53,
51.58645701594651,-0.8004541508853436,3,,2025-03-30 17:18:51+00:00,99,53,
51.58642960712314,-0.8004513848572969,3,,2025-03-30 17:18:53+00:00,100,52,
51.58638476394117,-0.8004432544112206,3,,2025-03-30 17:18:56+00:00,102,52,
51.58635064959526,-0.8004274964332581,3,,2025-03-30 17:18:59+00:00,99,53,
51.5863380767405,-0.8004234731197357,3,,2025-03-30 17:19:00+00:00,100,53,
51.58632508479059,-0.800419868901372,3,,2025-03-30 17:19:01+00:00,100,53,
51.58627353608608,-0.8003955613821745,3,,2025-03-30 17:19:05+00:00,99,53,
51.58622735179961,-0.8003865089267492,3,,2025-03-30 17:19:09+00:00,101,53,
51.586136911064386,-0.80036211758852,3,,2025-03-30 17:19:16+00:00,99,53,
51.58611176535487,-0.8003524783998728,3,,2025-03-30 17:19:18+00:00,102,53,
51.58609550446272,-0.800344767048955,3,,2025-03-30 17:19:19+00:00,101,53,
51.58603875897825,-0.8003214653581381,3,,2025-03-30 17:19:23+00:00,98,53,
51.58599358052015,-0.8003051206469536,3,,2025-03-30 17:19:26+00:00,100,53,
51.58598033711314,-0.8003020193427801,3,,2025-03-30 17:19:27+00:00,99,53,
51.58591487444937,-0.8002862613648176,3,,2025-03-30 17:19:32+00:00,102,52,
51.58586055971682,-0.8002733532339334,3,,2025-03-30 17:19:36+00:00,101,53,
51.58584672957659,-0.8002700004726648,3,,2025-03-30 17:19:37+00:00,99,53,
51.58575536683202,-0.80025315284729,3,,2025-03-30 17:19:44+00:00,96,53,
51.58574019558728,-0.8002549968659878,3,,2025-03-30 17:19:45+00:00,99,53,
51.58566911704838,-0.8002518955618143,3,,2025-03-30 17:19:51+00:00,99,52,
51.58564439043403,-0.8002547454088926,3,,2025-03-30 17:19:53+00:00,101,52,
51.585596445947886,-0.8002604451030493,3,,2025-03-30 17:19:57+00:00,97,52,
51.58556048758328,-0.8002729341387749,3,,2025-03-30 17:20:00+00:00,98,52,
51.5855523571372,-0.8002798072993755,3,,2025-03-30 17:20:01+00:00,96,51,
51.585511872544885,-0.8002912905067205,3,,2025-03-30 17:20:05+00:00,98,51,
51.58548714593053,-0.8002892788499594,3,,2025-03-30 17:20:07+00:00,98,0,
51.58544364385307,-0.8002757001668215,3,,2025-03-30 17:20:10+00:00,95,54,
51.58541765995324,-0.8002686593681574,3,,2025-03-30 17:20:12+00:00,96,54,
51.58537499606609,-0.8002651389688253,3,,2025-03-30 17:20:15+00:00,98,53,
51.585359489545226,-0.8002621214836836,3,,2025-03-30 17:20:16+00:00,101,53,
51.58533090725541,-0.8002574276179075,3,,2025-03-30 17:20:18+00:00,101,53,
51.585316909477115,-0.8002549130469561,3,,2025-03-30 17:20:19+00:00,98,53,
51.585249938070774,-0.8002500515431166,3,,2025-03-30 17:20:24+00:00,99,55,
51.58519025892019,-0.8002482075244188,3,,2025-03-30 17:20:28+00:00,100,55,
51.58514189533889,-0.8002425078302622,3,,2025-03-30 17:20:32+00:00,100,53,
51.585086239501834,-0.8002329524606466,3,,2025-03-30 17:20:36+00:00,101,53,
51.5850050188601,-0.8002247381955385,3,,2025-03-30 17:20:42+00:00,99,53,
51.5849894285202,-0.8002239000052214,3,,2025-03-30 17:20:43+00:00,99,52,
51.584863532334566,-0.8002122491598129,3,,2025-03-30 17:20:52+00:00,100,53,
51.58484081737697,-0.8002031967043877,3,,2025-03-30 17:20:55+00:00,100,53,
51.58482447266579,-0.8002036157995462,3,,2025-03-30 17:20:57+00:00,101,51,
51.584813157096505,-0.8002045378088951,3,,2025-03-30 17:20:58+00:00,100,51,
51.58478809520602,-0.8002011850476265,3,,2025-03-30 17:21:00+00:00,100,0,
51.584728583693504,-0.8001984190195799,3,,2025-03-30 17:21:04+00:00,97,53,
51.58471475355327,-0.8001985866576433,3,,2025-03-30 17:21:05+00:00,99,53,
51.58467234112322,-0.8001981675624847,3,,2025-03-30 17:21:08+00:00,97,53,
51.5846130810678,-0.8001933060586452,3,,2025-03-30 17:21:12+00:00,99,52,
51.584506714716554,-0.8001696690917015,3,,2025-03-30 17:21:20+00:00,100,53,
51.584458351135254,-0.8001691661775112,3,,2025-03-30 17:21:24+00:00,99,53,
51.584444772452116,-0.8001673221588135,3,,2025-03-30 17:21:25+00:00,98,53,
51.58437788486481,-0.8001632150262594,3,,2025-03-30 17:21:30+00:00,99,52,
51.584260538220406,-0.8001679088920355,3,,2025-03-30 17:21:39+00:00,98,53,
51.584170600399375,-0.8001687470823526,3,,2025-03-30 17:21:46+00:00,98,52,
51.584157859906554,-0.8001694176346064,3,,2025-03-30 17:21:47+00:00,99,51,
51.58404177054763,-0.8001731056720018,3,,2025-03-30 17:21:56+00:00,100,53,
51.58401486463845,-0.800172183662653,3,,2025-03-30 17:21:58+00:00,99,53,
51.5839309617877,-0.8001670707017183,3,,2025-03-30 17:22:04+00:00,98,53,
51.58390296623111,-0.8001674897968769,3,,2025-03-30 17:22:06+00:00,98,53,
51.58381939865649,-0.8001731056720018,3,,2025-03-30 17:22:12+00:00,100,52,
51.583715211600065,-0.8001519832760096,3,,2025-03-30 17:22:20+00:00,100,53,
51.5837028902024,-0.800152737647295,3,,2025-03-30 17:22:21+00:00,99,53,
51.58366617746651,-0.8001558389514685,3,,2025-03-30 17:22:25+00:00,99,53,
51.58368822187185,-0.8001766260713339,3,,2025-03-30 17:25:38+00:00,104,0,
51.58366885967553,-0.8001676574349403,3,,2025-03-30 17:25:40+00:00,104,0,
51.58357230015099,-0.8001536596566439,3,,2025-03-30 17:25:47+00:00,103,53,
51.58354355022311,-0.8001525700092316,3,,2025-03-30 17:25:49+00:00,106,53,
51.58341949805617,-0.8001512289047241,3,,2025-03-30 17:25:58+00:00,106,52,
51.58339929766953,-0.8001502230763435,3,,2025-03-30 17:26:00+00:00,107,52,
51.58337197266519,-0.8001506421715021,3,,2025-03-30 17:26:02+00:00,104,52,
51.58331640064716,-0.8001484628766775,3,,2025-03-30 17:26:06+00:00,103,51,
51.58327516168356,-0.8001536596566439,3,,2025-03-30 17:26:09+00:00,106,52,
51.58324339427054,-0.8001579344272614,3,,2025-03-30 17:26:11+00:00,106,53,
51.58321548253298,-0.8001598622649908,3,,2025-03-30 17:26:13+00:00,104,53,
51.58317809924483,-0.8001696690917015,3,,2025-03-30 17:26:16+00:00,105,53,
51.583082377910614,-0.8001819904893637,3,,2025-03-30 17:26:23+00:00,104,53,
51.58305480144918,-0.8001833315938711,3,,2025-03-30 17:26:25+00:00,103,53,
51.5829330123961,-0.8001929707825184,3,,2025-03-30 17:26:33+00:00,102,53,
51.58287014812231,-0.8001997601240873,3,,2025-03-30 17:26:37+00:00,102,55,
51.582855228334665,-0.8002022746950388,3,,2025-03-30 17:26:38+00:00,106,53,
51.58283879980445,-0.8002029452472925,3,,2025-03-30 17:26:39+00:00,103,53,
51.582822035998106,-0.8002035319805145,3,,2025-03-30 17:26:40+00:00,108,53,
51.582805439829826,-0.8002040348947048,3,,2025-03-30 17:26:41+00:00,105,55,
51.582757998257875,-0.8002073876559734,3,,2025-03-30 17:26:44+00:00,106,54,
51.582701336592436,-0.8001978322863579,3,,2025-03-30 17:26:48+00:00,112,55,
51.58268599770963,-0.8001956529915333,3,,2025-03-30 17:26:49+00:00,113,54,
51.582670491188765,-0.8001954853534698,3,,2025-03-30 17:26:50+00:00,111,54,
51.5826547332108,-0.8001947309821844,4,,2025-03-30 17:26:51+00:00,116,53,
51.58263989724219,-0.8001923840492964,4,,2025-03-30 17:26:52+00:00,115,53,
51.582563957199454,-0.8001814037561417,4,,2025-03-30 17:26:58+00:00,117,52,
51.58255155198276,-0.8001816552132368,4,,2025-03-30 17:26:59+00:00,113,52,
51.58253772184253,-0.8001811522990465,4,,2025-03-30 17:27:00+00:00,114,52,
51.58248852007091,-0.8001772128045559,4,,2025-03-30 17:27:04+00:00,111,52,
51.58247443847358,-0.8001787215471268,4,,2025-03-30 17:27:05+00:00,112,51,
51.58244350925088,-0.8001829963177443,4,,2025-03-30 17:27:07+00:00,110,52,
51.58240461722016,-0.8001840859651566,4,,2025-03-30 17:27:10+00:00,111,53,
51.58232909627259,-0.8001886960119009,4,,2025-03-30 17:27:15+00:00,108,53,
51.582315266132355,-0.8001915458589792,4,,2025-03-30 17:27:16+00:00,111,53,
51.58230478875339,-0.8001910429447889,4,,2025-03-30 17:27:17+00:00,111,53,
51.58220512792468,-0.8002024423331022,4,,2025-03-30 17:27:24+00:00,113,52,
51.58214687369764,-0.8002070523798466,4,,2025-03-30 17:27:30+00:00,113,52,
51.582136983051896,-0.8002081420272589,4,,2025-03-30 17:27:31+00:00,112,52,
51.582034304738045,-0.8002297673374414,4,,2025-03-30 17:27:38+00:00,112,52,
51.58201997168362,-0.8002349641174078,4,,2025-03-30 17:27:39+00:00,112,52,
51.58194361254573,-0.8002475369721651,4,,2025-03-30 17:27:44+00:00,111,51,
51.58188980072737,-0.8002475369721651,4,,2025-03-30 17:27:48+00:00,111,54,
51.58182266168296,-0.800242256373167,4,,2025-03-30 17:27:53+00:00,112,53,
51.58179567195475,-0.8002394903451204,4,,2025-03-30 17:27:55+00:00,110,53,
51.58175250515342,-0.8002524822950363,4,,2025-03-30 17:27:59+00:00,110,53,
51.581724006682634,-0.8002550806850195,4,,2025-03-30 17:28:01+00:00,110,53,
51.58166918903589,-0.8002569247037172,4,,2025-03-30 17:28:05+00:00,111,54,
51.58161303028464,-0.800261702388525,4,,2025-03-30 17:28:09+00:00,109,53,
51.58158302307129,-0.8002618700265884,4,,2025-03-30 17:28:11+00:00,109,54,
51.58155377022922,-0.8002632949501276,4,,2025-03-30 17:28:13+00:00,109,55,
51.5815272834152,-0.8002578467130661,4,,2025-03-30 17:28:15+00:00,109,53,
51.58148772083223,-0.8002554159611464,4,,2025-03-30 17:28:18+00:00,108,53,
51.58146089874208,-0.8002539072185755,4,,2025-03-30 17:28:20+00:00,107,54,
51.58138663507998,-0.8002532366663218,4,,2025-03-30 17:28:25+00:00,108,54,
51.58136174082756,-0.8002534043043852,4,,2025-03-30 17:28:27+00:00,106,55,
51.58130650408566,-0.8002435136586428,4,,2025-03-30 17:28:31+00:00,109,53,
51.58127783797681,-0.800242843106389,4,,2025-03-30 17:28:33+00:00,107,53,
51.581163592636585,-0.8002408314496279,4,,2025-03-30 17:28:41+00:00,107,53,
51.581061920151114,-0.8002551645040512,4,,2025-03-30 17:28:49+00:00,106,51,
51.58097726292908,-0.8002472016960382,4,,2025-03-30 17:28:56+00:00,106,51,
51.580924205482006,-0.8002420049160719,4,,2025-03-30 17:29:00+00:00,107,52,
51.580894365906715,-0.8002492133527994,4,,2025-03-30 17:29:02+00:00,103,52,
51.580856731161475,-0.8002529852092266,4,,2025-03-30 17:29:05+00:00,100,51,
51.58083493821323,-0.8002517279237509,4,,2025-03-30 17:29:07+00:00,99,51,
51.58077199012041,-0.8002500515431166,4,,2025-03-30 17:29:13+00:00,99,58,
51.58072731457651,-0.8002532366663218,4,,2025-03-30 17:29:17+00:00,100,58,
51.58069244585931,-0.8002595230937004,4,,2025-03-30 17:29:20+00:00,101,56,
51.58065774478018,-0.8002600260078907,4,,2025-03-30 17:29:23+00:00,105,54,
51.58064441755414,-0.8002633787691593,4,,2025-03-30 17:29:24+00:00,106,54,
51.580613823607564,-0.8002632949501276,4,,2025-03-30 17:29:26+00:00,103,54,
51.58058037981391,-0.8002746943384409,4,,2025-03-30 17:29:28+00:00,103,54,
51.58054090104997,-0.8002725150436163,4,,2025-03-30 17:29:31+00:00,104,53,
51.58046931959689,-0.800252566114068,4,,2025-03-30 17:29:36+00:00,101,53,
51.58040067180991,-0.8002156857401133,4,,2025-03-30 17:29:42+00:00,104,52,
51.58037116751075,-0.8002005144953728,4,,2025-03-30 17:29:45+00:00,102,51,
51.580361276865005,-0.8002139255404472,4,,2025-03-30 17:29:47+00:00,102,0,
51.58035448752344,-0.8002180326730013,4,,2025-03-30 17:29:49+00:00,102,0,
51.58035029657185,-0.8002187870442867,4,,2025-03-30 17:29:51+00:00,101,0,
51.58034786581993,-0.8002209663391113,4,,2025-03-30 17:29:54+00:00,104,0,
51.580343674868345,-0.8002213854342699,4,,2025-03-30 17:29:55+00:00,101,0,
51.580331018194556,-0.800209566950798,4,,2025-03-30 17:29:59+00:00,104,0,
51.58032741397619,-0.800195150077343,4,,2025-03-30 17:30:00+00:00,104,0,
51.580297239124775,-0.80009532161057,4,,2025-03-30 17:30:05+00:00,103,50,
51.58029464073479,-0.8000551722943783,4,,2025-03-30 17:30:07+00:00,104,51,
51.58028592355549,-0.7998868636786938,4,,2025-03-30 17:30:15+00:00,105,53,
51.58030335791409,-0.7996710296720266,4,,2025-03-30 17:30:26+00:00,103,51,
51.58032246865332,-0.799481850117445,4,,2025-03-30 17:30:35+00:00,102,51,
51.58032816834748,-0.7994334027171135,4,,2025-03-30 17:30:37+00:00,105,51,
51.580332191661,-0.7993883918970823,4,,2025-03-30 17:30:39+00:00,102,52,
51.580337304621935,-0.7992894016206264,4,,2025-03-30 17:30:43+00:00,105,54,
51.58033898100257,-0.7992681115865707,4,,2025-03-30 17:30:44+00:00,107,54,
51.58035867847502,-0.7991387788206339,4,,2025-03-30 17:30:51+00:00,108,55,
51.58037032932043,-0.7989128027111292,4,,2025-03-30 17:31:00+00:00,107,53,
51.580375945195556,-0.7987597491592169,4,,2025-03-30 17:31:06+00:00,103,53,
51.58037946559489,-0.7987363636493683,4,,2025-03-30 17:31:07+00:00,106,53,
51.58038097433746,-0.7985649537295103,4,,2025-03-30 17:31:15+00:00,105,54,
51.58037217333913,-0.7984012551605701,4,,2025-03-30 17:31:23+00:00,106,53,
51.58036261796951,-0.7981887739151716,4,,2025-03-30 17:31:33+00:00,104,53,
51.58035406842828,-0.7980653084814548,4,,2025-03-30 17:31:39+00:00,106,53,
51.58035314641893,-0.7980011031031609,4,,2025-03-30 17:31:42+00:00,105,52,
51.58035364933312,-0.7978164497762918,4,,2025-03-30 17:31:50+00:00,104,53,
51.580361276865005,-0.7977098319679499,4,,2025-03-30 17:31:55+00:00,107,53,
51.58035758882761,-0.7976478897035122,4,,2025-03-30 17:31:58+00:00,104,51,
51.580345183610916,-0.7975619751960039,4,,2025-03-30 17:32:02+00:00,107,53,
51.58034325577319,-0.7975426129996777,4,,2025-03-30 17:32:03+00:00,107,53,
51.58034007064998,-0.7974997814744711,4,,2025-03-30 17:32:05+00:00,106,52,
51.580344680696726,-0.7973453029990196,4,,2025-03-30 17:32:12+00:00,111,53,
51.580342752858996,-0.7973053213208914,4,,2025-03-30 17:32:14+00:00,112,53,
51.580341747030616,-0.797159057110548,4,,2025-03-30 17:32:21+00:00,113,52,
51.58035448752344,-0.7969772536307573,4,,2025-03-30 17:32:30+00:00,113,51,
51.58035608008504,-0.7969156466424465,4,,2025-03-30 17:32:33+00:00,114,53,
51.58037158660591,-0.7968034129589796,4,,2025-03-30 17:32:38+00:00,112,52,
51.580375945195556,-0.7967835478484631,4,,2025-03-30 17:32:39+00:00,112,53,
51.5803874284029,-0.7966713141649961,4,,2025-03-30 17:32:44+00:00,111,53,
51.58038675785065,-0.7965802866965532,4,,2025-03-30 17:32:48+00:00,112,53,
51.580389523878694,-0.7965398859232664,4,,2025-03-30 17:32:50+00:00,113,53,
51.58039421774447,-0.7964952103793621,4,,2025-03-30 17:32:52+00:00,111,53,
51.58040042035282,-0.7963852398097515,4,,2025-03-30 17:32:57+00:00,110,53,
51.580413496121764,-0.7962586730718613,4,,2025-03-30 17:33:03+00:00,110,53,
51.58045079559088,-0.7960837427526712,4,,2025-03-30 17:33:11+00:00,108,53,
51.58047812059522,-0.7959027774631977,4,,2025-03-30 17:33:18+00:00,107,53,
51.5804875921458,-0.7958372309803963,4,,2025-03-30 17:33:21+00:00,107,53,
51.580484407022595,-0.7957276795059443,4,,2025-03-30 17:33:26+00:00,104,53,
51.58049345947802,-0.7956061419099569,4,,2025-03-30 17:33:32+00:00,104,53,
51.58049144782126,-0.7955648191273212,4,,2025-03-30 17:33:34+00:00,107,53,
51.58047334291041,-0.7954381685703993,4,,2025-03-30 17:33:40+00:00,106,53,
51.58045523799956,-0.7952831033617258,4,,2025-03-30 17:33:47+00:00,107,53,
51.580448783934116,-0.795158464461565,4,,2025-03-30 17:33:53+00:00,110,53,
51.580450627952814,-0.7951364200562239,4,,2025-03-30 17:33:54+00:00,108,53,
51.58045833930373,-0.7950559537857771,4,,2025-03-30 17:33:58+00:00,105,52,
51.58046051859856,-0.7949869707226753,4,,2025-03-30 17:34:01+00:00,105,50,
51.58045624382794,-0.7947812788188457,4,,2025-03-30 17:34:10+00:00,103,51,
51.58044861629605,-0.7946428935974836,4,,2025-03-30 17:34:16+00:00,107,53,
51.580448783934116,-0.7945952843874693,4,,2025-03-30 17:34:18+00:00,106,53,
51.58044593408704,-0.7945268042385578,4,,2025-03-30 17:34:21+00:00,107,52,
51.58045046031475,-0.7944335974752903,4,,2025-03-30 17:34:25+00:00,103,51,
51.580451633781195,-0.7944128941744566,4,,2025-03-30 17:34:26+00:00,106,51,
51.58045381307602,-0.7943740021437407,4,,2025-03-30 17:34:28+00:00,106,51,
51.580463871359825,-0.7942118123173714,4,,2025-03-30 17:34:36+00:00,107,51,
51.58046546392143,-0.7941650412976742,4,,2025-03-30 17:34:38+00:00,111,52,
51.58046646974981,-0.794141823425889,4,,2025-03-30 17:34:39+00:00,109,52,
51.580468732863665,-0.7941197790205479,4,,2025-03-30 17:34:40+00:00,106,52,
51.58047820441425,-0.7940176036208868,4,,2025-03-30 17:34:45+00:00,107,52,
51.5804807189852,-0.7939368858933449,4,,2025-03-30 17:34:49+00:00,110,51,
51.58048356883228,-0.7938516419380903,4,,2025-03-30 17:34:53+00:00,114,52,
51.580504355952144,-0.7936595287173986,4,,2025-03-30 17:35:03+00:00,110,51,
51.58051240257919,-0.7935930602252483,4,,2025-03-30 17:35:07+00:00,110,51,
51.58052874729037,-0.7935143541544676,4,,2025-03-30 17:35:12+00:00,113,50,
51.58053151331842,-0.7934965007007122,4,,2025-03-30 17:35:13+00:00,112,50,
51.58053453080356,-0.7934763841331005,4,,2025-03-30 17:35:14+00:00,109,50,
51.58055414445698,-0.7933526672422886,4,,2025-03-30 17:35:20+00:00,109,51,
51.580551797524095,-0.7932316325604916,4,,2025-03-30 17:35:25+00:00,111,51,
51.58055699430406,-0.7931872922927141,4,,2025-03-30 17:35:27+00:00,108,54,
51.58055825158954,-0.7931648287922144,4,,2025-03-30 17:35:28+00:00,110,55,
51.58056269399822,-0.7930515054613352,4,,2025-03-30 17:35:33+00:00,113,52,
51.580567387863994,-0.7930080872029066,4,,2025-03-30 17:35:35+00:00,114,0,
51.58057987689972,-0.792899876832962,4,,2025-03-30 17:35:40+00:00,113,53,
51.58058004453778,-0.7928779162466526,4,,2025-03-30 17:35:41+00:00,110,53,
51.580591946840286,-0.7928119506686926,4,,2025-03-30 17:35:44+00:00,109,53,
51.58060954883695,-0.7926573045551777,4,,2025-03-30 17:35:52+00:00,110,53,
51.580609465017915,-0.7926356792449951,4,,2025-03-30 17:35:53+00:00,107,53,
51.58061575144529,-0.7925955299288034,4,,2025-03-30 17:35:55+00:00,103,53,
51.580639304593205,-0.7924910075962543,4,,2025-03-30 17:36:00+00:00,104,52,
51.58066436648369,-0.7923000678420067,4,,2025-03-30 17:36:09+00:00,103,52,
51.58068138174713,-0.7921590842306614,4,,2025-03-30 17:36:16+00:00,104,52,
51.580690098926425,-0.7920300867408514,4,,2025-03-30 17:36:23+00:00,104,52,
51.5806932002306,-0.79201047308743,4,,2025-03-30 17:36:24+00:00,107,52,
51.58071666955948,-0.7918896060436964,4,,2025-03-30 17:36:30+00:00,108,51,
51.580770229920745,-0.7918037753552198,4,,2025-03-30 17:36:37+00:00,106,50,
51.58082228153944,-0.7918001711368561,4,,2025-03-30 17:36:41+00:00,103,47,
51.580859161913395,-0.7917995844036341,4,,2025-03-30 17:36:44+00:00,105,48,
51.58089201897383,-0.7917924597859383,4,,2025-03-30 17:36:47+00:00,108,49,
51.58090207725763,-0.7917905319482088,4,,2025-03-30 17:36:48+00:00,108,48,
51.58097365871072,-0.791780473664403,4,,2025-03-30 17:36:54+00:00,107,48,
51.58103392459452,-0.7917575910687447,4,,2025-03-30 17:37:00+00:00,106,46,
51.581053202971816,-0.7917653862386942,4,,2025-03-30 17:37:02+00:00,106,48,
51.58112377859652,-0.791765721514821,4,,2025-03-30 17:37:09+00:00,107,48,
51.58114867284894,-0.7917621172964573,4,,2025-03-30 17:37:11+00:00,109,48,
51.58117666840553,-0.7917594350874424,4,,2025-03-30 17:37:13+00:00,107,49,
51.58120340667665,-0.7917616982012987,4,,2025-03-30 17:37:15+00:00,110,49,
51.581250010058284,-0.7917691580951214,4,,2025-03-30 17:37:20+00:00,107,46,
51.58126006834209,-0.7917755283415318,4,,2025-03-30 17:37:22+00:00,105,46,
51.58128169365227,-0.7917668949812651,4,,2025-03-30 17:37:25+00:00,106,46,
51.581325279548764,-0.7917514722794294,4,,2025-03-30 17:37:28+00:00,105,46,
51.58133634366095,-0.7917528133839369,4,,2025-03-30 17:37:29+00:00,105,46,
51.58142225816846,-0.7917619496583939,4,,2025-03-30 17:37:37+00:00,105,42,
51.58143801614642,-0.7917653024196625,4,,2025-03-30 17:37:39+00:00,106,43,
51.5814683586359,-0.7917670626193285,4,,2025-03-30 17:37:41+00:00,105,50,
51.58151722513139,-0.7917631231248379,4,,2025-03-30 17:37:44+00:00,108,50,
51.581536922603846,-0.7917565852403641,4,,2025-03-30 17:37:45+00:00,105,49,
51.581552093848586,-0.7917528972029686,4,,2025-03-30 17:37:46+00:00,105,49,
51.5816084202379,-0.791740994900465,4,,2025-03-30 17:37:51+00:00,105,46,
51.581624848768115,-0.791731858626008,4,,2025-03-30 17:37:53+00:00,104,45,
51.581685449928045,-0.7917184475809336,4,,2025-03-30 17:37:58+00:00,101,44,
51.58175208605826,-0.7917041145265102,4,,2025-03-30 17:38:03+00:00,103,46,
51.5817791596055,-0.7917000073939562,4,,2025-03-30 17:38:05+00:00,102,46,
51.58180011436343,-0.7916995044797659,4,,2025-03-30 17:38:07+00:00,99,46,
51.58184512518346,-0.791697995737195,4,,2025-03-30 17:38:11+00:00,102,46,
51.581861302256584,-0.7916829083114862,4,,2025-03-30 17:38:13+00:00,104,49,
51.581873036921024,-0.791675616055727,4,,2025-03-30 17:38:14+00:00,104,49,
51.58195149153471,-0.7916435971856117,4,,2025-03-30 17:38:21+00:00,101,46,
51.58196213655174,-0.7916434295475483,4,,2025-03-30 17:38:22+00:00,102,46,
51.58200589008629,-0.791657343506813,4,,2025-03-30 17:38:27+00:00,103,48,
51.58202952705324,-0.7916728500276804,4,,2025-03-30 17:38:29+00:00,104,47,
51.582059701904655,-0.7916799746453762,4,,2025-03-30 17:38:31+00:00,103,47,
51.582091972231865,-0.7916831597685814,4,,2025-03-30 17:38:33+00:00,104,47,
51.58213622868061,-0.79168944619596,5,,2025-03-30 17:38:36+00:00,102,47,
51.582164224237204,-0.7916861772537231,5,,2025-03-30 17:38:38+00:00,101,48,
51.58222625032067,-0.7916938047856092,5,,2025-03-30 17:38:43+00:00,104,47,
51.58226028084755,-0.7916972413659096,5,,2025-03-30 17:38:46+00:00,104,48,
51.582322558388114,-0.7916934695094824,5,,2025-03-30 17:38:50+00:00,101,48,
51.58235399052501,-0.7916947267949581,5,,2025-03-30 17:38:53+00:00,101,48,
51.58243462443352,-0.7917054556310177,5,,2025-03-30 17:39:00+00:00,101,48,
51.58251550979912,-0.7916999235749245,5,,2025-03-30 17:39:07+00:00,104,50,
51.58252825029194,-0.791695648804307,5,,2025-03-30 17:39:08+00:00,107,50,
51.582542499527335,-0.7916922122240067,5,,2025-03-30 17:39:09+00:00,101,49,
51.58257611095905,-0.7916855067014694,5,,2025-03-30 17:39:12+00:00,101,49,
51.58264056779444,-0.7916716765612364,5,,2025-03-30 17:39:17+00:00,101,48,
51.58267912454903,-0.7916614506393671,5,,2025-03-30 17:39:20+00:00,99,49,
51.58271960914135,-0.7916621211916208,5,,2025-03-30 17:39:24+00:00,98,49,
51.58276755362749,-0.791665306314826,5,,2025-03-30 17:39:28+00:00,101,50,
51.58282136544585,-0.7916675694286823,5,,2025-03-30 17:39:32+00:00,104,48,
51.5828325971961,-0.7916698325425386,5,,2025-03-30 17:39:33+00:00,105,48,
51.5828518755734,-0.7916716765612364,5,,2025-03-30 17:39:35+00:00,108,49,
51.58286310732365,-0.7916674017906189,5,,2025-03-30 17:39:36+00:00,111,49,
51.58291080035269,-0.7916570082306862,5,,2025-03-30 17:39:40+00:00,113,49,
51.58297726884484,-0.791645273566246,5,,2025-03-30 17:39:45+00:00,115,50,
51.58300492912531,-0.7916502188891172,5,,2025-03-30 17:39:47+00:00,115,50,
51.58311724662781,-0.7916710898280144,5,,2025-03-30 17:39:54+00:00,115,50,
51.58315387554467,-0.7916659768670797,5,,2025-03-30 17:39:57+00:00,115,51,
51.583192851394415,-0.7916681561619043,5,,2025-03-30 17:40:00+00:00,114,50,
51.583242723718286,-0.7916534878313541,5,,2025-03-30 17:40:04+00:00,115,50,
51.583357052877545,-0.7916650548577309,5,,2025-03-30 17:40:11+00:00,115,51,
51.58340306952596,-0.7916631270200014,5,,2025-03-30 17:40:14+00:00,114,50,
51.583469873294234,-0.7916583493351936,5,,2025-03-30 17:40:19+00:00,116,52,
51.583483619615436,-0.7916595228016376,5,,2025-03-30 17:40:20+00:00,115,50,
51.58349979668856,-0.7916677370667458,5,,2025-03-30 17:40:22+00:00,112,48,
51.58354883082211,-0.7916893623769283,5,,2025-03-30 17:40:27+00:00,113,48,
51.58357506617904,-0.7917067967355251,5,,2025-03-30 17:40:29+00:00,113,47,
51.58360742032528,-0.7917373068630695,5,,2025-03-30 17:40:33+00:00,117,48,
51.58361228182912,-0.791743928566575,5,,2025-03-30 17:40:34+00:00,116,47,
51.58361814916134,-0.7917486224323511,5,,2025-03-30 17:40:35+00:00,116,46,
51.583629213273525,-0.7917519751936197,5,,2025-03-30 17:40:36+00:00,115,46,
51.58370716497302,-0.7917950581759214,5,,2025-03-30 17:40:43+00:00,114,46,
51.58377564512193,-0.7918702438473701,5,,2025-03-30 17:40:50+00:00,114,46,
51.58380581997335,-0.7918954733759165,5,,2025-03-30 17:40:53+00:00,115,46,
51.583851501345634,-0.7919352874159813,5,,2025-03-30 17:40:57+00:00,113,45,
51.5838638227433,-0.7919425796717405,5,,2025-03-30 17:40:58+00:00,108,47,
51.58388008363545,-0.7919515483081341,5,,2025-03-30 17:41:00+00:00,105,48,
51.583891650661826,-0.791955990716815,5,,2025-03-30 17:41:01+00:00,105,47,
51.583915119990706,-0.7919693179428577,5,,2025-03-30 17:41:03+00:00,105,46,
51.58399533480406,-0.7920168433338404,5,,2025-03-30 17:41:09+00:00,104,45,
51.58401008695364,-0.7920274045318365,5,,2025-03-30 17:41:10+00:00,104,44,
51.58406934700906,-0.7920813001692295,5,,2025-03-30 17:41:15+00:00,105,45,
51.58411905169487,-0.7921202760189772,5,,2025-03-30 17:41:20+00:00,108,46,
51.58412818796933,-0.7921340223401785,5,,2025-03-30 17:41:22+00:00,108,46,
51.584135899320245,-0.7921420689672232,5,,2025-03-30 17:41:23+00:00,107,47,
51.58416414633393,-0.7921655382961035,5,,2025-03-30 17:41:26+00:00,107,48,
51.58417680300772,-0.7921716570854187,5,,2025-03-30 17:41:27+00:00,107,48,
51.58421200700104,-0.7922079507261515,5,,2025-03-30 17:41:33+00:00,103,45,
51.58421519212425,-0.7922153268009424,5,,2025-03-30 17:41:34+00:00,103,45,
51.584219466894865,-0.7922206912189722,5,,2025-03-30 17:41:35+00:00,103,44,
51.58422416076064,-0.7922356110066175,5,,2025-03-30 17:41:37+00:00,103,44,
51.584247378632426,-0.792267881333828,5,,2025-03-30 17:41:40+00:00,101,47,
51.58425827510655,-0.7922742515802383,5,,2025-03-30 17:41:41+00:00,104,48,
51.58426808193326,-0.7922826334834099,5,,2025-03-30 17:41:42+00:00,102,49,
51.58427445217967,-0.79229436814785,5,,2025-03-30 17:41:43+00:00,105,49,
51.58431552350521,-0.7923493534326553,5,,2025-03-30 17:41:47+00:00,105,48,
51.58432625234127,-0.7923572324216366,5,,2025-03-30 17:41:48+00:00,104,48,
51.58436321653426,-0.7923890836536884,5,,2025-03-30 17:41:51+00:00,101,48,
51.58437352627516,-0.7924011535942554,5,,2025-03-30 17:41:52+00:00,98,48,
51.58438878133893,-0.792412469163537,5,,2025-03-30 17:41:53+00:00,98,48,
51.58441359177232,-0.792439877986908,5,,2025-03-30 17:41:55+00:00,98,49,
51.58443094231188,-0.7924612518399954,5,,2025-03-30 17:41:56+00:00,99,49,
51.584480395540595,-0.7925268821418285,5,,2025-03-30 17:42:00+00:00,96,46,
51.58452012576163,-0.7925806101411581,5,,2025-03-30 17:42:04+00:00,94,44,
51.58454275690019,-0.7926141377538443,5,,2025-03-30 17:42:07+00:00,97,48,
51.58455792814493,-0.7926371041685343,5,,2025-03-30 17:42:10+00:00,100,46,
51.58457200974226,-0.7926519401371479,5,,2025-03-30 17:42:12+00:00,100,47,
51.58458910882473,-0.7926618307828903,5,,2025-03-30 17:42:13+00:00,99,48,
51.5845974907279,-0.792691083624959,5,,2025-03-30 17:42:15+00:00,100,47,
51.58460637554526,-0.7927065063267946,5,,2025-03-30 17:42:16+00:00,97,47,
51.584649961441755,-0.7927536126226187,5,,2025-03-30 17:42:19+00:00,98,46,
51.584675358608365,-0.7927901577204466,5,,2025-03-30 17:42:21+00:00,101,49,
51.584683656692505,-0.7928099390119314,5,,2025-03-30 17:42:22+00:00,99,50,
51.584714502096176,-0.7928575482219458,5,,2025-03-30 17:42:25+00:00,103,50,
51.584721710532904,-0.7928764075040817,5,,2025-03-30 17:42:26+00:00,101,50,
51.584729589521885,-0.7928956858813763,5,,2025-03-30 17:42:27+00:00,102,50,
51.58476697281003,-0.7929149642586708,5,,2025-03-30 17:42:31+00:00,105,49,
51.58477661199868,-0.7929003797471523,5,,2025-03-30 17:42:32+00:00,104,46,
51.58478499390185,-0.7928907405585051,5,,2025-03-30 17:42:33+00:00,105,46,
51.584797063842416,-0.7928828615695238,5,,2025-03-30 17:42:34+00:00,104,0,
51.58484660089016,-0.7928236853331327,5,,2025-03-30 17:42:39+00:00,104,53,
51.58491658978164,-0.7927469909191132,5,,2025-03-30 17:42:45+00:00,104,51,
51.58505539409816,-0.7926398701965809,5,,2025-03-30 17:42:54+00:00,105,53,
51.58516335301101,-0.7925575599074364,5,,2025-03-30 17:43:01+00:00,108,54,
51.58517492003739,-0.7925480045378208,5,,2025-03-30 17:43:02+00:00,110,54,
51.58518673852086,-0.7925349287688732,5,,2025-03-30 17:43:03+00:00,106,54,
51.58529025502503,-0.7924396265298128,5,,2025-03-30 17:43:11+00:00,104,54,
51.58535420894623,-0.7924010697752237,5,,2025-03-30 17:43:15+00:00,105,54,
51.585379522293806,-0.7923844736069441,5,,2025-03-30 17:43:17+00:00,105,55,
51.58544071018696,-0.7923517003655434,5,,2025-03-30 17:43:24+00:00,101,53,
51.58545101992786,-0.7923469226807356,5,,2025-03-30 17:43:25+00:00,103,54,
51.58553500659764,-0.7922857347875834,5,,2025-03-30 17:43:31+00:00,104,53,
51.585549088194966,-0.7922778557986021,5,,2025-03-30 17:43:32+00:00,105,53,
51.58563667908311,-0.792223121970892,5,,2025-03-30 17:43:39+00:00,105,51,
51.58570658415556,-0.7922141533344984,5,,2025-03-30 17:43:45+00:00,107,53,
51.58572946675122,-0.7922075316309929,5,,2025-03-30 17:43:48+00:00,106,53,
51.58573675900698,-0.79220250248909,5,,2025-03-30 17:43:49+00:00,105,54,
51.58583465963602,-0.7921481877565384,5,,2025-03-30 17:43:56+00:00,104,53,
51.58584765158594,-0.792140644043684,5,,2025-03-30 17:43:57+00:00,107,53,
51.58589232712984,-0.792098231613636,5,,2025-03-30 17:44:01+00:00,105,53,
51.58592199906707,-0.7920693140476942,5,,2025-03-30 17:44:03+00:00,104,53,
51.58594890497625,-0.792043162509799,5,,2025-03-30 17:44:05+00:00,106,53,
51.58605510368943,-0.7919606007635593,5,,2025-03-30 17:44:11+00:00,108,55,
51.58610237762332,-0.7919211219996214,5,,2025-03-30 17:44:14+00:00,105,56,
51.58611260354519,-0.7919091358780861,5,,2025-03-30 17:44:15+00:00,106,55,
51.58615233376622,-0.7918702438473701,5,,2025-03-30 17:44:19+00:00,108,54,
51.5862535033375,-0.7917778752744198,5,,2025-03-30 17:44:26+00:00,107,55,
51.586264818906784,-0.791763961315155,5,,2025-03-30 17:44:27+00:00,108,55,
51.58634486608207,-0.7916646357625723,5,,2025-03-30 17:44:33+00:00,107,55,
51.58636632375419,-0.7916254084557295,5,,2025-03-30 17:44:35+00:00,110,54,
51.58636632375419,-0.7916254084557295,5,,2025-03-30 17:44:36+00:00,107,54,
51.58643941394985,-0.79151451587677,5,,2025-03-30 17:44:41+00:00,106,54,
51.586530692875385,-0.791336065158248,5,,2025-03-30 17:44:50+00:00,107,55,
51.58657193183899,-0.7911824248731136,5,,2025-03-30 17:44:57+00:00,109,56,
51.58659431152046,-0.7911183871328831,5,,2025-03-30 17:45:00+00:00,104,55,
51.58662415109575,-0.7910243421792984,5,,2025-03-30 17:45:04+00:00,103,54,
51.5866560023278,-0.7909246813505888,5,,2025-03-30 17:45:08+00:00,106,55,
51.586663629859686,-0.7909023854881525,5,,2025-03-30 17:45:09+00:00,102,54,
51.58668290823698,-0.7908331509679556,5,,2025-03-30 17:45:12+00:00,104,54,
51.58673412166536,-0.7906427141278982,5,,2025-03-30 17:45:21+00:00,104,54,
51.58677024766803,-0.7904726453125477,5,,2025-03-30 17:45:29+00:00,104,54,
51.586778881028295,-0.7904397882521152,5,,2025-03-30 17:45:31+00:00,104,54,
51.586798410862684,-0.7903356850147247,5,,2025-03-30 17:45:36+00:00,104,53,
51.586838895455,-0.7901812065392733,5,,2025-03-30 17:45:43+00:00,104,54,
51.58686772920191,-0.7900719903409481,5,,2025-03-30 17:45:48+00:00,107,54,
51.5868856664747,-0.7899953797459602,5,,2025-03-30 17:45:52+00:00,108,53,
51.58689656294882,-0.789953051134944,5,,2025-03-30 17:45:54+00:00,105,53,
51.58694031648338,-0.7898766081780195,5,,2025-03-30 17:45:58+00:00,105,53,
51.58697887323797,-0.7897801324725151,5,,2025-03-30 17:46:03+00:00,106,54,
51.586998822167516,-0.789718022570014,5,,2025-03-30 17:46:06+00:00,106,54,
51.58702597953379,-0.7896521408110857,5,,2025-03-30 17:46:10+00:00,107,53,
51.58704198896885,-0.7896163500845432,5,,2025-03-30 17:46:12+00:00,104,53,
51.58706487156451,-0.7895607780665159,5,,2025-03-30 17:46:15+00:00,105,53,
51.587115079164505,-0.7894239854067564,5,,2025-03-30 17:46:22+00:00,103,52,
51.58716629259288,-0.7892902940511703,5,,2025-03-30 17:46:29+00:00,106,53,
51.587177691981196,-0.7892497256398201,5,,2025-03-30 17:46:31+00:00,106,53,
51.587201999500394,-0.7891083229333162,5,,2025-03-30 17:46:38+00:00,103,53,
51.587201999500394,-0.7891083229333162,5,,2025-03-30 17:46:39+00:00,103,53,
51.58725706860423,-0.7889427803456783,5,,2025-03-30 17:46:47+00:00,103,53,
51.58731431700289,-0.7888247631490231,5,,2025-03-30 17:46:55+00:00,104,52,
51.58733862452209,-0.7887754775583744,5,,2025-03-30 17:46:58+00:00,101,52,
51.587359411641955,-0.7887303829193115,5,,2025-03-30 17:47:01+00:00,104,53,
51.58738799393177,-0.7886735536158085,5,,2025-03-30 17:47:05+00:00,104,52,
51.5874036680907,-0.7886489108204842,5,,2025-03-30 17:47:07+00:00,101,51,
51.58744817599654,-0.7885699532926083,5,,2025-03-30 17:47:14+00:00,98,51,
51.587469382211566,-0.7885054964572191,5,,2025-03-30 17:47:18+00:00,101,48,
51.58747164532542,-0.7884878106415272,5,,2025-03-30 17:47:19+00:00,101,48,
51.58748472109437,-0.788408936932683,5,,2025-03-30 17:47:23+00:00,99,50,
51.58751808106899,-0.7883220165967941,5,,2025-03-30 17:47:28+00:00,102,53,
51.58756393007934,-0.7882396224886179,5,,2025-03-30 17:47:33+00:00,105,52,
51.5876195859164,-0.7881792727857828,5,,2025-03-30 17:47:38+00:00,102,51,
51.58764607273042,-0.7881678733974695,5,,2025-03-30 17:47:41+00:00,102,51,
51.587647665292025,-0.7881646044552326,5,,2025-03-30 17:47:42+00:00,101,51,
51.58766007050872,-0.7881482597440481,5,,2025-03-30 17:47:46+00:00,104,0,
51.587710697203875,-0.7881328370422125,5,,2025-03-30 17:47:49+00:00,104,0,
51.58779753372073,-0.7881732378154993,5,,2025-03-30 17:47:55+00:00,101,52,
51.587831396609545,-0.7881972938776016,5,,2025-03-30 17:47:58+00:00,103,52,
51.587884202599525,-0.7882792688906193,5,,2025-03-30 17:48:04+00:00,104,50,
51.58791462890804,-0.7883222680538893,5,,2025-03-30 17:48:07+00:00,107,51,
51.58795980736613,-0.7883732300251722,5,,2025-03-30 17:48:11+00:00,106,51,
51.588022001087666,-0.7884450629353523,5,,2025-03-30 17:48:17+00:00,109,53,
51.58804421313107,-0.7884573843330145,5,,2025-03-30 17:48:19+00:00,107,53,
51.58809006214142,-0.7884515170007944,5,,2025-03-30 17:48:23+00:00,107,53,
51.58820740878582,-0.7883418817073107,5,,2025-03-30 17:48:33+00:00,106,53,
51.58829743042588,-0.788258733227849,5,,2025-03-30 17:48:39+00:00,102,53,
51.58830958418548,-0.7882459089159966,5,,2025-03-30 17:48:40+00:00,105,53,
51.58832081593573,-0.7882319111377001,5,,2025-03-30 17:48:41+00:00,104,53,
51.58836582675576,-0.7881775964051485,5,,2025-03-30 17:48:45+00:00,107,53,
51.58840564079583,-0.7881335075944662,5,,2025-03-30 17:48:49+00:00,106,53,
51.58848443068564,-0.7880434859544039,5,,2025-03-30 17:48:56+00:00,103,53,
51.58849482424557,-0.7880331762135029,5,,2025-03-30 17:48:57+00:00,107,53,
51.588510079309344,-0.7880102097988129,5,,2025-03-30 17:48:59+00:00,106,53,
51.58851720392704,-0.7879955414682627,5,,2025-03-30 17:49:00+00:00,107,53,
51.588551150634885,-0.7879398018121719,5,,2025-03-30 17:49:04+00:00,101,53,
51.58856213092804,-0.7879231218248606,5,,2025-03-30 17:49:05+00:00,101,53,
51.58860596828163,-0.787872327491641,5,,2025-03-30 17:49:08+00:00,99,52,
51.5886296890676,-0.7878443319350481,5,,2025-03-30 17:49:10+00:00,99,53,
51.58866824582219,-0.7877959683537483,5,,2025-03-30 17:49:13+00:00,96,53,
51.588679729029536,-0.7877784501761198,5,,2025-03-30 17:49:14+00:00,99,53,
51.58872239291668,-0.7877116464078426,5,,2025-03-30 17:49:18+00:00,99,52,
51.58874083310366,-0.7876813039183617,5,,2025-03-30 17:49:20+00:00,100,52,
51.58877226524055,-0.7876384723931551,5,,2025-03-30 17:49:24+00:00,99,53,
51.58881677314639,-0.7875629514455795,5,,2025-03-30 17:49:28+00:00,99,53,
51.58883236348629,-0.7875421643257141,5,,2025-03-30 17:49:30+00:00,99,53,
51.588867818936706,-0.7874823175370693,5,,2025-03-30 17:49:34+00:00,99,53,
51.5889026876539,-0.7874047849327326,5,,2025-03-30 17:49:38+00:00,100,55,
51.58890997990966,-0.7873866800218821,5,,2025-03-30 17:49:39+00:00,104,56,
51.58891735598445,-0.7873663958162069,5,,2025-03-30 17:49:40+00:00,104,56,
51.58894283697009,-0.7872587721794844,5,,2025-03-30 17:49:45+00:00,102,55,
51.588954320177436,-0.7871904596686363,5,,2025-03-30 17:49:48+00:00,105,55,
51.58895784057677,-0.7871703431010246,5,,2025-03-30 17:49:49+00:00,103,55,
51.58897552639246,-0.7870705146342516,6,,2025-03-30 17:49:54+00:00,102,53,
51.5889922901988,-0.7870311196893454,6,,2025-03-30 17:49:56+00:00,100,53,
51.58903805539012,-0.7869199756532907,6,,2025-03-30 17:50:02+00:00,100,53,
51.58905238844454,-0.7868820894509554,6,,2025-03-30 17:50:04+00:00,100,53,
51.589083317667246,-0.7867880444973707,6,,2025-03-30 17:50:10+00:00,99,52,
51.58910536207259,-0.7867419440299273,6,,2025-03-30 17:50:14+00:00,101,53,
51.58911592327058,-0.7867147866636515,6,,2025-03-30 17:50:16+00:00,100,53,
51.58914316445589,-0.7866328116506338,6,,2025-03-30 17:50:21+00:00,104,54,
51.58914710395038,-0.786611856892705,6,,2025-03-30 17:50:22+00:00,104,54,
51.58915037289262,-0.786595344543457,6,,2025-03-30 17:50:23+00:00,102,54,
51.589168226346374,-0.7865712884813547,6,,2025-03-30 17:50:25+00:00,102,54,
51.589209381490946,-0.7865231763571501,6,,2025-03-30 17:50:29+00:00,102,53,
51.58921776339412,-0.7865136209875345,6,,2025-03-30 17:50:30+00:00,103,53,
51.58922815695405,-0.7865042332559824,6,,2025-03-30 17:50:31+00:00,100,53,
51.589238718152046,-0.7864769920706749,6,,2025-03-30 17:50:33+00:00,100,53,
51.58925883471966,-0.7864574622362852,6,,2025-03-30 17:50:35+00:00,102,54,
51.58925883471966,-0.7864574622362852,6,,2025-03-30 17:50:36+00:00,102,54,
51.589312897995114,-0.7864246051758528,6,,2025-03-30 17:50:39+00:00,103,54,
51.58936444669962,-0.7863904908299446,6,,2025-03-30 17:50:43+00:00,102,53,
51.58943720161915,-0.7863511797040701,6,,2025-03-30 17:50:49+00:00,100,53,
51.58945983275771,-0.7863478269428015,6,,2025-03-30 17:50:51+00:00,102,53,
51.58954717218876,-0.786309689283371,6,,2025-03-30 17:50:57+00:00,99,53,
51.589585058391094,-0.7862975355237722,6,,2025-03-30 17:51:00+00:00,98,52,
51.58960743807256,-0.7862852979451418,6,,2025-03-30 17:51:02+00:00,97,52,
51.589648677036166,-0.7862712163478136,6,,2025-03-30 17:51:05+00:00,94,53,
51.58968027681112,-0.7862737309187651,6,,2025-03-30 17:51:08+00:00,95,52,
51.589756552129984,-0.7862414605915546,6,,2025-03-30 17:51:15+00:00,97,52,
51.5897679515183,-0.7862355094403028,6,,2025-03-30 17:51:16+00:00,93,52,
51.58977977000177,-0.7862236071377993,6,,2025-03-30 17:51:17+00:00,94,51,
51.58982469700277,-0.786206005141139,6,,2025-03-30 17:51:22+00:00,95,50,
51.58983651548624,-0.7862022332847118,6,,2025-03-30 17:51:23+00:00,92,50,
51.589903235435486,-0.7861906662583351,6,,2025-03-30 17:51:28+00:00,92,48,
51.58993458375335,-0.7861874811351299,6,,2025-03-30 17:51:31+00:00,92,48,
51.58995193429291,-0.7861870620399714,6,,2025-03-30 17:51:33+00:00,92,48,
51.589981438592076,-0.786178931593895,6,,2025-03-30 17:51:36+00:00,95,49,
51.590004405006766,-0.7861749082803726,6,,2025-03-30 17:51:39+00:00,93,48,
51.59000985324383,-0.7861778419464827,6,,2025-03-30 17:51:40+00:00,94,50,
51.59003206528723,-0.786172142252326,6,,2025-03-30 17:51:43+00:00,97,51,
51.5900544449687,-0.786158898845315,6,,2025-03-30 17:51:45+00:00,98,50,
51.59008814021945,-0.786142973229289,6,,2025-03-30 17:51:48+00:00,98,50,
51.59012854099274,-0.7861271314322948,6,,2025-03-30 17:51:51+00:00,97,51,
51.5901736356318,-0.7861064281314611,6,,2025-03-30 17:51:54+00:00,97,51,
51.590194925665855,-0.7861012313514948,6,,2025-03-30 17:51:56+00:00,100,51,
51.59021286293864,-0.7860961183905602,6,,2025-03-30 17:51:58+00:00,99,51,
51.59023700281978,-0.7860908377915621,6,,2025-03-30 17:52:00+00:00,100,51,
51.590251587331295,-0.786087904125452,6,,2025-03-30 17:52:01+00:00,98,51,
51.59028545022011,-0.7860701344907284,6,,2025-03-30 17:52:04+00:00,100,52,
51.59030037000775,-0.7860646862536669,6,,2025-03-30 17:52:05+00:00,98,51,
51.590344961732626,-0.7860618364065886,6,,2025-03-30 17:52:08+00:00,99,51,
51.59038670361042,-0.7860576454550028,6,,2025-03-30 17:52:12+00:00,102,50,
51.59041687846184,-0.7860460784286261,6,,2025-03-30 17:52:15+00:00,100,51,
51.59042517654598,-0.7860395405441523,6,,2025-03-30 17:52:16+00:00,100,51,
51.590481251478195,-0.7860221900045872,6,,2025-03-30 17:52:20+00:00,101,53,
51.59049952402711,-0.7860216032713652,6,,2025-03-30 17:52:22+00:00,102,52,
51.59051653929055,-0.7860179152339697,6,,2025-03-30 17:52:23+00:00,102,52,
51.59052802249789,-0.7860199268907309,6,,2025-03-30 17:52:24+00:00,102,52,
51.59057001583278,-0.7860358525067568,6,,2025-03-30 17:52:27+00:00,103,52,
51.59059482626617,-0.7860439829528332,6,,2025-03-30 17:52:29+00:00,103,52,
51.59061879850924,-0.7860548794269562,6,,2025-03-30 17:52:31+00:00,101,52,
51.590662552043796,-0.7860591541975737,6,,2025-03-30 17:52:35+00:00,101,52,
51.590674705803394,-0.7860644347965717,6,,2025-03-30 17:52:36+00:00,101,51,
51.590719716623425,-0.7860848866403103,6,,2025-03-30 17:52:40+00:00,102,51,
51.59074620343745,-0.7860967889428139,6,,2025-03-30 17:52:42+00:00,103,52,
51.590757351368666,-0.786103829741478,6,,2025-03-30 17:52:43+00:00,103,52,
51.59076975658536,-0.7861066795885563,6,,2025-03-30 17:52:44+00:00,102,52,
51.59079163335264,-0.7861143909394741,6,,2025-03-30 17:52:46+00:00,103,54,
51.590824741870165,-0.7861310709267855,6,,2025-03-30 17:52:48+00:00,102,54,
51.590901520103216,-0.7861505169421434,6,,2025-03-30 17:52:54+00:00,105,53,
51.590943010523915,-0.7861800212413073,6,,2025-03-30 17:52:58+00:00,102,54,
51.59094871021807,-0.7861877325922251,6,,2025-03-30 17:52:59+00:00,104,52,
51.59098005853593,-0.7861986290663481,6,,2025-03-30 17:53:02+00:00,99,54,
51.5909990016371,-0.7862044963985682,6,,2025-03-30 17:53:04+00:00,102,54,
51.591034373268485,-0.7862120401114225,6,,2025-03-30 17:53:06+00:00,99,54,
51.59107619896531,-0.7862171530723572,6,,2025-03-30 17:53:08+00:00,100,54,
51.5910941362381,-0.7862187456339598,6,,2025-03-30 17:53:10+00:00,103,56,
51.59110587090254,-0.7862187456339598,6,,2025-03-30 17:53:11+00:00,103,56,
51.5911580901593,-0.786215141415596,6,,2025-03-30 17:53:15+00:00,106,52,
51.5911803022027,-0.7862179912626743,6,,2025-03-30 17:53:18+00:00,103,53,
51.59120067022741,-0.7862059213221073,6,,2025-03-30 17:53:21+00:00,99,52,
51.591213159263134,-0.786201311275363,6,,2025-03-30 17:53:22+00:00,99,52,
51.59125389531255,-0.7861718069761992,6,,2025-03-30 17:53:27+00:00,102,53,
51.59126236103475,-0.7861696276813745,6,,2025-03-30 17:53:28+00:00,102,53,
51.5913235489279,-0.7861304003745317,6,,2025-03-30 17:53:34+00:00,105,53,
51.5913253929466,-0.7861204259097576,6,,2025-03-30 17:53:35+00:00,103,53,
51.59140393137932,-0.7860539574176073,6,,2025-03-30 17:53:43+00:00,101,53,
51.59145011566579,-0.7859973795711994,6,,2025-03-30 17:53:48+00:00,100,51,
51.59146746620536,-0.7859717309474945,6,,2025-03-30 17:53:50+00:00,102,51,
51.59150619059801,-0.7859307434409857,6,,2025-03-30 17:53:54+00:00,99,51,
51.59151297993958,-0.7859037537127733,6,,2025-03-30 17:53:56+00:00,100,51,
51.59154717810452,-0.7858242094516754,6,,2025-03-30 17:54:02+00:00,99,50,
51.591575257480145,-0.7857615128159523,6,,2025-03-30 17:54:07+00:00,99,51,
51.59165035933256,-0.7856894284486771,6,,2025-03-30 17:54:15+00:00,99,50,
51.59168447367847,-0.785661768168211,6,,2025-03-30 17:54:18+00:00,102,50,
51.59169562160969,-0.7856536377221346,6,,2025-03-30 17:54:19+00:00,99,50,
51.591776087880135,-0.7855610176920891,6,,2025-03-30 17:54:29+00:00,100,50,
51.591864516958594,-0.7855061162263155,6,,2025-03-30 17:54:36+00:00,103,51,
51.59190676175058,-0.7854922022670507,6,,2025-03-30 17:54:39+00:00,102,52,
51.591977421194315,-0.7854350376874208,6,,2025-03-30 17:54:45+00:00,103,52,
51.59199980087578,-0.7854067906737328,6,,2025-03-30 17:54:48+00:00,100,52,
51.59204254858196,-0.7853547390550375,6,,2025-03-30 17:54:52+00:00,100,51,
51.592107340693474,-0.7851590216159821,6,,2025-03-30 17:55:04+00:00,103,51,
51.592085966840386,-0.78511543571949,6,,2025-03-30 17:55:07+00:00,101,51,
51.59205285832286,-0.7850412558764219,6,,2025-03-30 17:55:11+00:00,100,51,
51.592006757855415,-0.7849653996527195,6,,2025-03-30 17:55:16+00:00,103,53,
51.59196040593088,-0.7849446125328541,6,,2025-03-30 17:55:20+00:00,103,53,
51.591927548870444,-0.7849288545548916,6,,2025-03-30 17:55:23+00:00,99,51,
51.59191656857729,-0.7849229034036398,6,,2025-03-30 17:55:24+00:00,102,51,
51.59186678007245,-0.7849046308547258,6,,2025-03-30 17:55:28+00:00,98,51,
51.59183928743005,-0.7848961651325226,6,,2025-03-30 17:55:30+00:00,100,51,
51.59173736348748,-0.7848434429615736,6,,2025-03-30 17:55:38+00:00,100,51,
51.59165279008448,-0.7847907207906246,6,,2025-03-30 17:55:45+00:00,103,52,
51.59161817282438,-0.7847628928720951,6,,2025-03-30 17:55:48+00:00,101,53,
51.591572826728225,-0.7847255934029818,6,,2025-03-30 17:55:52+00:00,103,52,
51.59155027940869,-0.7847028784453869,6,,2025-03-30 17:55:54+00:00,103,51,
51.591503005474806,-0.7846638187766075,6,,2025-03-30 17:55:58+00:00,107,51,
51.59148473292589,-0.7846450433135033,6,,2025-03-30 17:56:00+00:00,104,51,
51.59144952893257,-0.7846103422343731,6,,2025-03-30 17:56:03+00:00,103,51,
51.591404769569635,-0.7845660857856274,6,,2025-03-30 17:56:07+00:00,106,52,
51.59139362163842,-0.7845561113208532,6,,2025-03-30 17:56:08+00:00,103,53,
51.59136939793825,-0.7845334801822901,6,,2025-03-30 17:56:10+00:00,106,53,
51.59134576097131,-0.7845123577862978,6,,2025-03-30 17:56:12+00:00,106,53,
51.59132388420403,-0.7844911515712738,6,,2025-03-30 17:56:14+00:00,105,53,
51.59122237935662,-0.7843841146677732,6,,2025-03-30 17:56:23+00:00,106,53,
51.591111151501536,-0.7842325698584318,6,,2025-03-30 17:56:34+00:00,104,52,
51.59102498553693,-0.7840754091739655,6,,2025-03-30 17:56:44+00:00,106,53,
51.590992379933596,-0.784006342291832,6,,2025-03-30 17:56:48+00:00,104,53,
51.59094410017133,-0.783934760838747,6,,2025-03-30 17:56:53+00:00,103,52,
51.590915601700544,-0.7838569767773151,6,,2025-03-30 17:56:57+00:00,106,54,
51.59090906381607,-0.7838383689522743,6,,2025-03-30 17:56:58+00:00,102,54,
51.59088425338268,-0.7837420608848333,6,,2025-03-30 17:57:03+00:00,101,53,
51.590861454606056,-0.7836612593382597,6,,2025-03-30 17:57:07+00:00,97,53,
51.59083966165781,-0.7836014125496149,6,,2025-03-30 17:57:10+00:00,101,53,
51.59083320759237,-0.7835809607058764,6,,2025-03-30 17:57:11+00:00,98,53,
51.59081703051925,-0.7835418172180653,6,,2025-03-30 17:57:13+00:00,98,53,
51.59076279960573,-0.7834324333816767,6,,2025-03-30 17:57:19+00:00,101,53,
51.59075458534062,-0.7834130711853504,6,,2025-03-30 17:57:20+00:00,97,53,
51.59073991701007,-0.7833705749362707,6,,2025-03-30 17:57:22+00:00,98,53,
51.590717202052474,-0.7832838222384453,6,,2025-03-30 17:57:26+00:00,101,53,
51.59069012850523,-0.7831830717623234,6,,2025-03-30 17:57:30+00:00,100,54,
51.590676633641124,-0.7831127475947142,6,,2025-03-30 17:57:33+00:00,103,55,
51.59065752290189,-0.7830461952835321,6,,2025-03-30 17:57:36+00:00,102,55,
51.590615613386035,-0.782939912751317,6,,2025-03-30 17:57:42+00:00,103,55,
51.59060354344547,-0.7829155214130878,6,,2025-03-30 17:57:44+00:00,103,56,
51.59054067917168,-0.782725503668189,6,,2025-03-30 17:57:53+00:00,103,55,
51.59046792425215,-0.7825350668281317,6,,2025-03-30 17:58:02+00:00,101,54,
51.590398689731956,-0.7823516707867384,6,,2025-03-30 17:58:10+00:00,100,53,
51.59035703167319,-0.7822032272815704,6,,2025-03-30 17:58:17+00:00,100,53,
51.59028603695333,-0.7819876447319984,6,,2025-03-30 17:58:27+00:00,102,54,
51.59024924039841,-0.7818856369704008,6,,2025-03-30 17:58:32+00:00,98,54,
51.590233063325286,-0.7818147260695696,6,,2025-03-30 17:58:35+00:00,99,55,
51.59022996202111,-0.7817765045911074,6,,2025-03-30 17:58:37+00:00,102,55,
51.59022845327854,-0.7816664502024651,6,,2025-03-30 17:58:42+00:00,100,53,
51.590241780504584,-0.7815874088555574,6,,2025-03-30 17:58:45+00:00,98,53,
51.59029182046652,-0.7814990635961294,6,,2025-03-30 17:58:50+00:00,99,54,
51.59036918543279,-0.7814271468669176,6,,2025-03-30 17:58:57+00:00,97,53,
51.590382093563676,-0.7814186811447144,6,,2025-03-30 17:58:58+00:00,97,52,
51.590483263134956,-0.7813493628054857,6,,2025-03-30 17:59:06+00:00,96,50,
51.59050639718771,-0.7813379634171724,6,,2025-03-30 17:59:08+00:00,96,48,
51.590578481554985,-0.7812952157109976,6,,2025-03-30 17:59:14+00:00,96,48,
51.59065165556967,-0.7812832295894623,6,,2025-03-30 17:59:20+00:00,95,50,
51.5906916372478,-0.7812649570405483,6,,2025-03-30 17:59:23+00:00,95,51,
51.59071451984346,-0.7812452595680952,6,,2025-03-30 17:59:25+00:00,98,51,
51.59072675742209,-0.7812349498271942,6,,2025-03-30 17:59:26+00:00,97,51,
51.590749053284526,-0.7812205329537392,6,,2025-03-30 17:59:28+00:00,100,50,
51.590773863717914,-0.7812060322612524,6,,2025-03-30 17:59:30+00:00,101,48,
51.590787610039115,-0.7811970636248589,6,,2025-03-30 17:59:31+00:00,101,48,
51.59089473076165,-0.7810919545590878,6,,2025-03-30 17:59:40+00:00,100,50,
51.5909524820745,-0.7810339517891407,6,,2025-03-30 17:59:45+00:00,101,50,
51.590993385761976,-0.780992042273283,6,,2025-03-30 17:59:49+00:00,102,51,
51.59100386314094,-0.7809757813811302,6,,2025-03-30 17:59:50+00:00,101,51,
51.591076869517565,-0.7808839995414019,6,,2025-03-30 17:59:57+00:00,100,49,
51.591089610010386,-0.7808683253824711,6,,2025-03-30 17:59:58+00:00,100,50,
51.591140823438764,-0.7808037009090185,6,,2025-03-30 18:00:03+00:00,101,50,
51.591159515082836,-0.7807731907814741,6,,2025-03-30 18:00:05+00:00,102,50,
51.591159515082836,-0.7807731907814741,6,,2025-03-30 18:00:06+00:00,101,50,
51.59117007628083,-0.7807378191500902,6,,2025-03-30 18:00:07+00:00,103,50,
51.59118063747883,-0.7806890364736319,6,,2025-03-30 18:00:09+00:00,104,51,
51.59117736853659,-0.7806696742773056,6,,2025-03-30 18:00:10+00:00,103,51,
51.59117049537599,-0.7806550059467554,6,,2025-03-30 18:00:11+00:00,103,50,
51.59114744514227,-0.780631871894002,6,,2025-03-30 18:00:13+00:00,100,50,
51.59112900495529,-0.7806099951267242,6,,2025-03-30 18:00:16+00:00,97,46,
